employee_id,department,role,location,gender,hire_date,tenure_years,salary,performance_score,engagement_score,remote,left_company
5000,Engineering,Senior Engineer,New York,Male,2025-05-16,0.4,170100.0,5.0,73,0,0
5001,Sales,Sales Manager,Remote,Female,2024-11-22,0.9,110800.0,4.3,49,1,0
5002,Sales,SDR,Remote,Male,2024-09-15,1.0,103300.0,4.2,100,1,0
5003,Finance,Accountant,Bangalore,Male,2023-01-20,2.7,71200.0,5.0,100,0,1
5004,Engineering,Staff Engineer,San Francisco,Female,2025-06-29,0.3,215400.0,4.3,62,0,0
5005,People,Recruiter,London,Female,2022-09-21,3.0,95500.0,4.0,71,0,0
5006,Marketing,Content Strategist,Remote,Male,2025-02-01,0.7,109300.0,2.9,60,1,1
5007,Customer Success,CS Manager,San Francisco,Male,2024-05-28,1.3,89700.0,4.8,59,0,1
5008,Sales,Sales Manager,Toronto,Female,2023-12-08,1.8,117000.0,3.2,62,0,0
5009,Customer Success,Onboarding Lead,San Francisco,Female,2022-06-14,3.3,131900.0,3.3,79,0,0
5010,Product,Senior PM,Remote,Male,2016-07-15,9.2,156900.0,2.8,59,1,0
5011,Marketing,Growth Analyst,Bangalore,Female,2018-09-14,7.1,79300.0,4.6,64,0,0
5012,People,HR Business Partner,New York,Female,2023-12-05,1.8,92600.0,4.3,80,0,0
5013,Sales,Sales Manager,San Francisco,Non-binary,2019-08-08,6.2,169300.0,4.1,65,0,1
5014,Customer Success,Support Specialist,New York,Male,2023-04-10,2.5,112000.0,2.7,74,0,1
5015,Engineering,Engineering Manager,Berlin,Female,2019-08-03,6.2,191200.0,3.6,49,0,0
5016,Engineering,Software Engineer,New York,Female,2024-12-13,0.8,155300.0,4.4,67,0,0
5017,Sales,Account Executive,Remote,Male,2023-11-22,1.9,83300.0,3.9,75,1,0
5018,Sales,SDR,Bangalore,Male,2017-11-29,7.8,59500.0,1.6,61,0,0
5019,Engineering,Staff Engineer,Remote,Female,2019-05-10,6.4,203200.0,1.9,56,1,1
5020,Engineering,Staff Engineer,San Francisco,Female,2025-07-15,0.2,181800.0,4.4,89,0,0
5021,People,HR Business Partner,Bangalore,Male,2023-11-07,1.9,45600.0,2.6,76,0,0
5022,Sales,Account Executive,Toronto,Female,2023-08-10,2.1,89400.0,3.2,63,0,0
5023,Engineering,Senior Engineer,New York,Male,2020-12-13,4.8,203200.0,2.1,74,0,1
5024,Sales,Sales Manager,London,Male,2021-02-09,4.6,122800.0,2.6,67,0,0
5025,Sales,Account Executive,Berlin,Female,2021-03-09,4.6,86100.0,4.7,68,0,0
5026,People,Recruiter,San Francisco,Male,2021-12-19,3.8,127000.0,3.8,63,0,0
5027,Marketing,Growth Analyst,Bangalore,Male,2022-02-23,3.6,68800.0,2.8,64,0,0
5028,Customer Success,Onboarding Lead,Remote,Male,2019-09-17,6.0,96000.0,3.6,65,1,0
5029,Finance,Controller,New York,Male,2022-06-23,3.3,148500.0,4.3,82,0,0
5030,Marketing,Content Strategist,San Francisco,Male,2024-10-02,1.0,123700.0,3.2,58,0,0
5031,Engineering,Engineering Manager,San Francisco,Male,2020-04-15,5.5,281900.0,2.7,63,0,0
5032,Engineering,Software Engineer,San Francisco,Male,2024-04-13,1.5,158400.0,2.7,58,0,0
5033,Marketing,Growth Analyst,Remote,Male,2020-08-16,5.1,144700.0,3.8,63,1,1
5034,Finance,Accountant,Toronto,Male,2022-02-04,3.7,141800.0,3.5,74,0,0
5035,Sales,Account Executive,Remote,Female,2023-09-16,2.0,96500.0,2.8,84,1,1
5036,Engineering,Senior Engineer,San Francisco,Female,2023-12-19,1.8,195300.0,2.2,59,0,0
5037,Engineering,Engineering Manager,Bangalore,Male,2020-05-18,5.4,123800.0,4.1,67,0,0
5038,Engineering,Senior Engineer,Bangalore,Male,2024-12-12,0.8,70900.0,3.8,80,0,0
5039,Engineering,Software Engineer,New York,Female,2021-09-06,4.1,143800.0,4.2,100,0,0
5040,Engineering,Software Engineer,Bangalore,Male,2021-05-11,4.4,72600.0,3.0,67,0,0
5041,Sales,SDR,Remote,Female,2020-02-04,5.7,114900.0,3.2,79,1,0
5042,Sales,SDR,San Francisco,Male,2022-05-16,3.4,125300.0,2.8,77,0,0
5043,Engineering,Engineering Manager,New York,Female,2024-05-08,1.4,227900.0,3.9,60,0,0
5044,Product,Product Manager,Remote,Female,2018-12-02,6.8,133500.0,3.4,81,1,0
5045,Engineering,Senior Engineer,New York,Female,2021-08-25,4.1,188300.0,4.6,81,0,0
5046,Product,Senior PM,Berlin,Non-binary,2023-03-17,2.5,126700.0,5.0,94,0,0
5047,Sales,SDR,Toronto,Male,2023-04-28,2.4,103700.0,3.1,60,0,0
5048,Engineering,Staff Engineer,Bangalore,Female,2018-08-10,7.1,102700.0,4.5,91,0,0
5049,Product,Product Manager,London,Female,2024-07-17,1.2,119900.0,2.7,49,0,0
5050,Engineering,Software Engineer,Bangalore,Male,2018-11-18,6.9,82500.0,4.6,94,0,0
5051,Engineering,Engineering Manager,Remote,Female,2023-11-25,1.9,186400.0,4.8,79,1,0
5052,Engineering,Software Engineer,Bangalore,Male,2024-01-23,1.7,65700.0,2.7,56,0,0
5053,Sales,Sales Manager,San Francisco,Male,2022-04-15,3.5,143200.0,3.1,63,0,0
5054,People,People Ops,New York,Female,2025-02-15,0.6,136300.0,3.9,62,0,0
5055,Engineering,Senior Engineer,Toronto,Male,2019-01-14,6.7,168100.0,4.2,77,0,0
5056,Engineering,Engineering Manager,London,Female,2020-05-11,5.4,225700.0,3.0,51,0,0
5057,Customer Success,Onboarding Lead,Remote,Male,2024-11-02,0.9,85100.0,3.8,50,1,0
5058,Marketing,Content Strategist,Berlin,Non-binary,2017-07-08,8.2,116600.0,2.2,65,0,1
5059,Finance,Accountant,London,Male,2024-03-01,1.6,142100.0,4.3,90,0,0
5060,People,HR Business Partner,Bangalore,Male,2017-07-25,8.2,48500.0,3.2,72,0,0
5061,Finance,Accountant,Berlin,Female,2017-01-23,8.7,134700.0,1.9,67,0,0
5062,Finance,Accountant,London,Male,2020-01-08,5.7,140900.0,3.9,95,0,0
5063,Engineering,Staff Engineer,Toronto,Female,2024-05-22,1.4,154500.0,4.3,91,0,0
5064,Customer Success,CS Manager,Remote,Female,2021-12-18,3.8,77300.0,3.3,70,1,0
5065,Sales,Sales Manager,San Francisco,Female,2021-01-25,4.7,161900.0,3.2,65,0,0
5066,Sales,Account Executive,Remote,Female,2020-07-18,5.2,98800.0,3.0,62,1,0
5067,Engineering,Staff Engineer,New York,Male,2025-05-14,0.4,183500.0,3.6,80,0,0
5068,Customer Success,CS Manager,London,Female,2022-05-31,3.3,76500.0,4.6,61,0,0
5069,Engineering,Senior Engineer,Toronto,Female,2018-09-13,7.1,157700.0,2.5,75,0,0
5070,Product,Product Designer,Toronto,Female,2023-10-06,2.0,141200.0,3.5,58,0,1
5071,Finance,Accountant,New York,Non-binary,2025-06-13,0.3,162300.0,4.3,78,0,0
5072,Sales,SDR,Remote,Male,2023-03-05,2.6,108800.0,4.6,68,1,0
5073,Engineering,Senior Engineer,Remote,Female,2022-06-29,3.3,138700.0,2.9,74,1,0
5074,Finance,Financial Analyst,San Francisco,Female,2022-12-19,2.8,128600.0,3.9,74,0,1
5075,Engineering,Engineering Manager,Bangalore,Male,2024-06-25,1.3,107800.0,2.6,57,0,0
5076,Marketing,Content Strategist,Bangalore,Male,2021-05-21,4.4,63200.0,3.4,71,0,0
5077,Engineering,Engineering Manager,Bangalore,Female,2018-04-22,7.4,116100.0,2.4,61,0,0
5078,People,People Ops,New York,Male,2022-12-24,2.8,122500.0,2.5,78,0,0
5079,Customer Success,Onboarding Lead,Remote,Female,2020-06-06,5.3,111200.0,4.5,100,1,1
5080,Engineering,Staff Engineer,London,Male,2024-05-18,1.4,170000.0,4.1,76,0,0
5081,Customer Success,Onboarding Lead,Remote,Female,2020-07-26,5.2,96800.0,2.6,63,1,0
5082,Product,Product Designer,London,Female,2020-01-14,5.7,180000.0,4.4,74,0,0
5083,Product,Senior PM,Bangalore,Female,2017-11-27,7.8,94100.0,4.1,74,0,0
5084,Engineering,Engineering Manager,London,Male,2021-07-28,4.2,217000.0,4.1,74,0,0
5085,Sales,Sales Manager,New York,Male,2023-11-11,1.9,151100.0,4.0,77,0,0
5086,Sales,SDR,New York,Female,2025-07-04,0.2,123400.0,2.7,61,0,0
5087,Sales,Account Executive,San Francisco,Female,2020-12-11,4.8,120600.0,3.5,66,0,0
5088,Engineering,Software Engineer,Remote,Male,2018-02-12,7.6,151300.0,3.4,65,1,0
5089,Finance,Financial Analyst,Bangalore,Male,2022-01-26,3.7,50800.0,3.7,80,0,0
5090,Product,Product Designer,San Francisco,Male,2022-10-11,3.0,197700.0,4.0,95,0,0
5091,Sales,Account Executive,New York,Female,2023-02-18,2.6,112500.0,4.9,77,0,0
5092,Finance,Accountant,Bangalore,Female,2021-12-12,3.8,75600.0,2.9,74,0,1
5093,Sales,Account Executive,New York,Female,2021-08-21,4.1,120200.0,2.7,74,0,0
5094,People,HR Business Partner,London,Male,2024-06-08,1.3,80000.0,3.0,57,0,0
5095,Customer Success,Support Specialist,New York,Female,2022-08-17,3.1,111400.0,2.6,54,0,0
5096,Engineering,Staff Engineer,Remote,Non-binary,2025-03-11,0.6,148200.0,4.4,85,1,0
5097,Engineering,Engineering Manager,Remote,Male,2019-05-04,6.4,190800.0,4.6,66,1,0
5098,Engineering,Engineering Manager,Toronto,Male,2021-02-14,4.6,176300.0,4.1,76,0,1
5099,Marketing,Content Strategist,Toronto,Female,2025-06-11,0.3,96800.0,3.0,69,0,0
5100,Engineering,Engineering Manager,San Francisco,Female,2023-06-02,2.3,229200.0,4.1,66,0,0
5101,Engineering,Staff Engineer,San Francisco,Male,2016-05-27,9.4,272200.0,4.5,83,0,0
5102,People,HR Business Partner,London,Female,2025-03-23,0.5,82500.0,2.4,59,0,0
5103,Engineering,Senior Engineer,Berlin,Male,2019-11-02,5.9,147500.0,2.9,60,0,0
5104,Engineering,Senior Engineer,New York,Male,2023-08-23,2.1,175700.0,3.9,79,0,0
5105,Sales,SDR,Bangalore,Female,2024-11-18,0.9,58100.0,4.5,85,0,0
5106,Customer Success,CS Manager,Remote,Male,2023-04-08,2.5,79300.0,3.0,66,1,0
5107,Engineering,Staff Engineer,London,Female,2023-03-12,2.6,167500.0,3.8,72,0,0
5108,Engineering,Engineering Manager,Remote,Male,2023-10-31,1.9,198300.0,3.7,57,1,0
5109,Marketing,Marketing Manager,London,Female,2022-02-12,3.6,99500.0,2.5,84,0,1
5110,Engineering,Staff Engineer,Bangalore,Male,2025-07-28,0.2,80900.0,3.4,57,0,0
5111,People,People Ops,Bangalore,Male,2025-03-17,0.5,61900.0,3.7,88,0,0
5112,Engineering,Senior Engineer,New York,Male,2021-07-12,4.2,168200.0,4.3,67,0,0
5113,Product,Product Manager,Remote,Male,2019-04-04,6.5,118100.0,2.7,39,1,0
5114,Engineering,Software Engineer,Toronto,Non-binary,2016-05-30,9.3,137800.0,4.0,58,0,0
5115,Engineering,Staff Engineer,London,Female,2022-01-16,3.7,193200.0,3.4,62,0,0
5116,Engineering,Staff Engineer,Bangalore,Female,2019-08-25,6.1,96400.0,1.6,33,0,0
5117,Marketing,Marketing Manager,Berlin,Male,2023-12-14,1.8,89700.0,3.1,61,0,0
5118,Customer Success,Support Specialist,Bangalore,Male,2016-12-20,8.8,56700.0,3.2,75,0,0
5119,Sales,SDR,Remote,Male,2021-01-14,4.7,115500.0,4.4,79,1,0
5120,Marketing,Content Strategist,Bangalore,Female,2022-06-27,3.3,57700.0,3.2,66,0,0
5121,Customer Success,Support Specialist,Remote,Female,2023-04-22,2.4,85400.0,5.0,76,1,0
5122,People,People Ops,London,Female,2017-06-27,8.3,131100.0,3.4,71,0,0
5123,People,Recruiter,San Francisco,Female,2023-01-30,2.7,121900.0,3.3,64,0,0
5124,Engineering,Software Engineer,San Francisco,Female,2024-01-12,1.7,161300.0,4.2,80,0,0
5125,Engineering,Software Engineer,Bangalore,Male,2021-05-24,4.4,65600.0,3.8,87,0,0
5126,Engineering,Software Engineer,Bangalore,Male,2022-10-19,3.0,63500.0,4.1,84,0,0
5127,Sales,Sales Manager,San Francisco,Female,2022-05-18,3.4,146200.0,4.1,80,0,0
5128,Engineering,Software Engineer,New York,Male,2025-04-03,0.5,147300.0,5.0,77,0,0
5129,Engineering,Engineering Manager,Bangalore,Male,2025-04-30,0.4,95300.0,2.9,79,0,1
5130,Engineering,Staff Engineer,San Francisco,Male,2023-07-30,2.2,191600.0,3.6,87,0,0
5131,Marketing,Growth Analyst,San Francisco,Male,2020-11-17,4.9,164500.0,3.3,87,0,0
5132,Customer Success,Onboarding Lead,San Francisco,Male,2021-01-15,4.7,118500.0,4.2,72,0,0
5133,Marketing,Marketing Manager,Remote,Male,2022-08-04,3.2,92900.0,3.7,75,1,0
5134,Customer Success,Onboarding Lead,Berlin,Female,2019-10-26,5.9,93100.0,2.8,47,0,0
5135,People,People Ops,New York,Male,2021-05-30,4.3,124300.0,4.6,75,0,0
5136,Customer Success,CS Manager,New York,Female,2019-06-13,6.3,100700.0,2.9,83,0,0
5137,Marketing,Marketing Manager,Bangalore,Male,2020-04-11,5.5,56700.0,4.2,60,0,0
5138,Engineering,Senior Engineer,New York,Male,2022-10-16,3.0,167600.0,4.1,51,0,1
5139,Sales,SDR,Berlin,Female,2022-06-13,3.3,102000.0,4.7,70,0,0
5140,Customer Success,Support Specialist,New York,Male,2022-08-18,3.1,97300.0,5.0,73,0,0
5141,Engineering,Senior Engineer,San Francisco,Male,2018-02-17,7.6,224000.0,3.5,79,0,0
5142,Product,Product Manager,Remote,Female,2018-05-28,7.4,128500.0,3.4,89,1,0
5143,Finance,Financial Analyst,New York,Male,2019-04-16,6.5,123100.0,2.9,62,0,0
5144,Engineering,Senior Engineer,San Francisco,Male,2021-12-03,3.8,183600.0,3.9,76,0,0
5145,Engineering,Staff Engineer,London,Female,2021-06-27,4.3,198100.0,4.5,95,0,0
5146,Engineering,Software Engineer,Berlin,Female,2025-07-17,0.2,107600.0,3.1,70,0,0
5147,Engineering,Engineering Manager,Toronto,Male,2017-11-06,7.9,195200.0,4.2,72,0,0
5148,People,Recruiter,Toronto,Non-binary,2022-04-03,3.5,100100.0,3.1,85,0,0
5149,Engineering,Staff Engineer,New York,Male,2016-05-01,9.4,257200.0,4.3,90,0,0
5150,Engineering,Staff Engineer,London,Male,2023-12-14,1.8,193500.0,4.0,76,0,0
5151,Engineering,Staff Engineer,Bangalore,Male,2024-05-11,1.4,82800.0,2.3,59,0,0
5152,Engineering,Engineering Manager,London,Female,2022-04-22,3.4,194500.0,3.8,69,0,0
5153,Product,Product Manager,Toronto,Female,2020-08-12,5.1,114900.0,3.8,72,0,0
5154,Engineering,Senior Engineer,Toronto,Female,2021-05-03,4.4,140500.0,3.5,63,0,1
5155,Finance,Financial Analyst,San Francisco,Female,2022-02-27,3.6,119800.0,3.6,82,0,0
5156,Product,Product Manager,New York,Female,2022-06-04,3.3,139500.0,2.7,67,0,0
5157,Product,Senior PM,Remote,Male,2024-03-17,1.5,136700.0,3.8,57,1,0
5158,Engineering,Senior Engineer,San Francisco,Male,2016-10-25,8.9,230300.0,4.4,61,0,0
5159,Engineering,Staff Engineer,New York,Female,2020-10-09,5.0,231200.0,4.0,67,0,0
5160,Engineering,Engineering Manager,Bangalore,Male,2022-11-21,2.9,107000.0,4.1,55,0,0
5161,Customer Success,Support Specialist,Toronto,Male,2021-08-28,4.1,88800.0,2.8,65,0,0
5162,Engineering,Engineering Manager,Bangalore,Female,2022-10-21,2.9,100800.0,3.0,71,0,0
5163,Marketing,Growth Analyst,London,Female,2017-12-22,7.8,137600.0,4.1,76,0,0
5164,People,People Ops,Remote,Female,2020-03-08,5.6,119900.0,2.9,45,1,0
5165,Sales,Sales Manager,San Francisco,Male,2018-12-08,6.8,181700.0,3.6,81,0,0
5166,Engineering,Engineering Manager,San Francisco,Female,2022-09-09,3.1,241700.0,4.1,99,0,0
5167,Engineering,Staff Engineer,Bangalore,Male,2023-09-23,2.0,98100.0,2.9,73,0,0
5168,Engineering,Senior Engineer,Remote,Female,2019-01-08,6.7,161900.0,5.0,73,1,0
5169,Engineering,Staff Engineer,Bangalore,Male,2017-01-25,8.7,103400.0,3.3,88,0,0
5170,Sales,Account Executive,Bangalore,Male,2024-07-18,1.2,47700.0,3.3,63,0,0
5171,Engineering,Software Engineer,London,Female,2019-08-04,6.2,154200.0,3.3,65,0,0
5172,Engineering,Engineering Manager,Berlin,Female,2019-09-30,6.0,179200.0,4.0,87,0,0
5173,People,Recruiter,Bangalore,Female,2020-02-23,5.6,50800.0,3.9,79,0,0
5174,Customer Success,CS Manager,Bangalore,Female,2023-03-27,2.5,43600.0,3.7,84,0,0
5175,Product,Product Designer,New York,Female,2022-05-12,3.4,213300.0,3.1,65,0,0
5176,Sales,SDR,London,Female,2020-12-16,4.8,126900.0,3.7,74,0,0
5177,Product,Product Designer,London,Male,2023-01-05,2.7,170300.0,3.3,56,0,0
5178,Finance,Accountant,Bangalore,Female,2023-08-11,2.1,66000.0,5.0,72,0,0
5179,People,People Ops,New York,Female,2022-04-13,3.5,130900.0,4.7,86,0,0
5180,Engineering,Engineering Manager,San Francisco,Male,2022-02-27,3.6,259800.0,2.9,58,0,0
5181,Finance,Financial Analyst,New York,Female,2017-09-06,8.1,139000.0,3.1,70,0,0
5182,Engineering,Staff Engineer,Bangalore,Male,2018-03-25,7.5,95600.0,2.8,61,0,0
5183,Customer Success,Support Specialist,New York,Male,2020-07-17,5.2,111400.0,3.5,63,0,0
5184,Sales,Account Executive,Bangalore,Female,2024-09-08,1.1,50700.0,3.9,92,0,0
5185,Customer Success,CS Manager,New York,Female,2025-02-07,0.6,85300.0,4.1,78,0,0
5186,Customer Success,Support Specialist,San Francisco,Male,2023-01-19,2.7,116500.0,2.7,52,0,0
5187,Product,Product Manager,Bangalore,Male,2021-07-31,4.2,74400.0,5.0,88,0,0
5188,Sales,Account Executive,Berlin,Male,2018-05-24,7.4,96600.0,4.0,91,0,0
5189,Marketing,Marketing Manager,San Francisco,Female,2022-06-04,3.3,114700.0,3.8,62,0,0
5190,Product,Product Designer,San Francisco,Female,2022-04-25,3.4,191700.0,3.5,64,0,0
5191,Sales,Sales Manager,Bangalore,Male,2017-06-13,8.3,77600.0,3.4,100,0,0
5192,Engineering,Engineering Manager,Bangalore,Female,2024-04-20,1.4,105400.0,2.9,59,0,0
5193,Engineering,Staff Engineer,Remote,Male,2024-07-15,1.2,157300.0,3.2,49,1,0
5194,Product,Product Manager,Bangalore,Male,2019-05-11,6.4,65500.0,3.1,76,0,0
5195,Marketing,Growth Analyst,San Francisco,Male,2022-09-13,3.1,143600.0,3.7,88,0,0
5196,Engineering,Senior Engineer,San Francisco,Male,2016-04-19,9.5,200300.0,3.3,69,0,0
5197,Marketing,Marketing Manager,New York,Non-binary,2024-11-07,0.9,109200.0,4.3,84,0,0
5198,Engineering,Staff Engineer,Remote,Male,2019-11-15,5.9,181900.0,2.7,66,1,0
5199,Finance,Accountant,San Francisco,Male,2022-05-16,3.4,183900.0,4.3,85,0,0
5200,Sales,Sales Manager,San Francisco,Male,2019-09-19,6.0,177300.0,3.3,64,0,0
5201,Engineering,Engineering Manager,Bangalore,Male,2023-03-24,2.5,98300.0,3.8,83,0,1
5202,People,People Ops,Bangalore,Female,2021-06-20,4.3,60600.0,3.4,67,0,0
5203,Sales,SDR,San Francisco,Male,2021-10-14,4.0,127600.0,4.9,63,0,0
5204,Sales,Sales Manager,Berlin,Male,2020-09-01,5.1,112900.0,4.5,81,0,0
5205,Product,Product Manager,New York,Female,2024-03-09,1.6,129600.0,4.2,80,0,0
5206,Engineering,Senior Engineer,New York,Male,2023-02-27,2.6,172200.0,2.4,88,0,0
5207,Product,Product Designer,Remote,Male,2022-07-16,3.2,162000.0,4.1,81,1,0
5208,Engineering,Staff Engineer,San Francisco,Female,2017-04-26,8.4,266600.0,4.6,66,0,0
5209,Marketing,Growth Analyst,Remote,Female,2025-04-28,0.4,118100.0,4.0,76,1,0
5210,Product,Senior PM,Remote,Female,2021-04-20,4.5,150400.0,3.1,79,1,0
5211,Engineering,Software Engineer,New York,Female,2020-02-18,5.6,157700.0,3.2,64,0,0
5212,Engineering,Engineering Manager,Bangalore,Male,2019-06-27,6.3,121400.0,2.8,53,0,0
5213,Finance,Financial Analyst,New York,Female,2023-09-05,2.1,110700.0,4.4,66,0,0
5214,Sales,Account Executive,New York,Female,2020-02-23,5.6,103700.0,3.3,74,0,0
5215,Finance,Accountant,Bangalore,Male,2021-05-16,4.4,79800.0,3.3,61,0,0
5216,Marketing,Content Strategist,London,Male,2025-04-02,0.5,98200.0,3.4,79,0,0
5217,Engineering,Senior Engineer,London,Female,2021-05-26,4.4,149100.0,3.1,59,0,0
5218,Customer Success,CS Manager,San Francisco,Male,2022-04-09,3.5,89700.0,3.9,80,0,0
5219,Engineering,Senior Engineer,Bangalore,Female,2022-08-28,3.1,80800.0,2.9,72,0,0
5220,People,Recruiter,San Francisco,Male,2016-11-06,8.9,141700.0,3.0,64,0,0
5221,Marketing,Content Strategist,San Francisco,Female,2023-11-09,1.9,131200.0,3.2,54,0,0
5222,People,HR Business Partner,Remote,Male,2024-02-01,1.7,86400.0,4.0,75,1,0
5223,Engineering,Senior Engineer,Remote,Female,2018-08-11,7.1,176600.0,3.1,61,1,0
5224,People,People Ops,Remote,Male,2019-02-23,6.6,118900.0,3.6,73,1,0
5225,Sales,Sales Manager,Berlin,Female,2020-10-14,5.0,112500.0,2.6,87,0,0
5226,Sales,Sales Manager,San Francisco,Male,2021-05-09,4.4,160900.0,4.3,97,0,0
5227,Engineering,Software Engineer,Remote,Female,2025-07-06,0.2,107900.0,3.5,58,1,0
5228,Sales,Account Executive,Bangalore,Male,2023-04-16,2.5,52700.0,4.7,100,0,0
5229,Engineering,Engineering Manager,Remote,Male,2018-05-27,7.4,228000.0,5.0,73,1,0
5230,People,HR Business Partner,Remote,Male,2023-02-08,2.6,73200.0,3.6,64,1,1
5231,Sales,Account Executive,Bangalore,Male,2025-02-26,0.6,44700.0,3.3,68,0,0
5232,Marketing,Marketing Manager,Bangalore,Male,2021-11-17,3.9,51400.0,3.5,57,0,0
5233,Sales,SDR,Berlin,Non-binary,2024-09-23,1.0,88500.0,3.8,72,0,0
5234,Engineering,Staff Engineer,Toronto,Female,2017-08-20,8.1,179200.0,3.6,78,0,0
5235,Customer Success,Onboarding Lead,Remote,Male,2022-03-30,3.5,100300.0,4.4,84,1,0
5236,Customer Success,CS Manager,New York,Male,2025-02-15,0.6,91100.0,4.0,61,0,0
5237,Engineering,Software Engineer,New York,Female,2022-04-16,3.5,150200.0,3.3,61,0,0
5238,Sales,SDR,New York,Male,2023-10-28,1.9,118100.0,3.1,76,0,1
5239,People,HR Business Partner,New York,Male,2024-03-23,1.5,92300.0,2.9,86,0,1
5240,Engineering,Engineering Manager,London,Non-binary,2020-05-21,5.4,218600.0,2.0,50,0,0
5241,Customer Success,Support Specialist,New York,Male,2018-10-28,6.9,116200.0,3.3,87,0,0
5242,Engineering,Senior Engineer,London,Male,2022-11-05,2.9,171900.0,3.4,70,0,0
5243,Product,Product Designer,London,Female,2024-05-26,1.4,164900.0,3.9,75,0,0
5244,Engineering,Software Engineer,Berlin,Female,2020-07-24,5.2,129900.0,3.6,83,0,0
5245,Customer Success,CS Manager,Remote,Male,2020-12-30,4.8,70400.0,3.8,69,1,0
5246,Sales,SDR,San Francisco,Male,2024-11-29,0.8,116900.0,3.9,92,0,0
5247,People,People Ops,San Francisco,Male,2018-06-01,7.3,137800.0,3.8,80,0,0
5248,Product,Product Manager,Bangalore,Male,2023-11-13,1.9,70800.0,4.0,68,0,0
5249,Engineering,Software Engineer,San Francisco,Female,2025-07-15,0.2,151900.0,2.6,74,0,0
5250,Sales,Sales Manager,Remote,Female,2021-04-30,4.4,139300.0,3.2,81,1,0
5251,Finance,Financial Analyst,London,Female,2024-06-25,1.3,94900.0,2.5,54,0,0
5252,Marketing,Marketing Manager,Remote,Male,2023-05-30,2.3,88400.0,3.2,68,1,0
5253,Sales,SDR,Berlin,Female,2025-04-11,0.5,95100.0,3.2,72,0,0
5254,Sales,Account Executive,San Francisco,Female,2021-05-22,4.4,115200.0,4.0,86,0,0
5255,Engineering,Software Engineer,Toronto,Female,2023-08-20,2.1,125800.0,3.9,90,0,1
5256,Product,Senior PM,Remote,Female,2020-04-08,5.5,154600.0,4.0,76,1,0
5257,Engineering,Software Engineer,New York,Female,2020-02-10,5.6,168700.0,2.5,65,0,1
5258,Customer Success,Onboarding Lead,Berlin,Female,2020-10-11,5.0,100000.0,4.3,56,0,0
5259,Engineering,Engineering Manager,Bangalore,Female,2024-10-25,0.9,110200.0,4.9,94,0,0
5260,Engineering,Engineering Manager,Remote,Female,2020-04-01,5.5,200200.0,3.7,46,1,0
5261,Finance,Financial Analyst,New York,Male,2022-04-23,3.4,118300.0,3.5,66,0,0
5262,Marketing,Marketing Manager,Remote,Non-binary,2023-07-25,2.2,87300.0,2.8,66,1,1
5263,Engineering,Staff Engineer,Remote,Female,2019-04-30,6.4,200300.0,5.0,95,1,0
5264,Engineering,Engineering Manager,London,Female,2023-11-24,1.9,188900.0,2.2,56,0,0
5265,Marketing,Marketing Manager,Remote,Male,2019-02-15,6.6,90700.0,2.2,70,1,0
5266,Sales,Account Executive,San Francisco,Female,2024-02-27,1.6,99400.0,1.5,60,0,1
5267,Marketing,Content Strategist,New York,Female,2025-01-24,0.7,134000.0,4.0,96,0,0
5268,Sales,Sales Manager,London,Female,2022-08-08,3.2,117100.0,3.9,81,0,0
5269,Finance,Controller,Remote,Female,2024-11-20,0.9,115600.0,4.0,88,1,0
5270,Sales,SDR,Remote,Male,2020-12-05,4.8,120000.0,2.4,85,1,0
5271,Finance,Accountant,Remote,Male,2023-02-19,2.6,146600.0,4.1,76,1,0
5272,Sales,SDR,Remote,Male,2022-03-24,3.5,117500.0,4.0,87,1,0
5273,Marketing,Marketing Manager,Remote,Male,2022-01-03,3.7,95400.0,2.5,40,1,0
5274,Sales,SDR,Berlin,Female,2021-12-14,3.8,97600.0,3.1,72,0,1
5275,Product,Product Manager,Remote,Female,2024-03-08,1.6,117800.0,3.8,71,1,0
5276,Product,Senior PM,Toronto,Male,2023-06-27,2.3,129700.0,2.9,56,0,0
5277,Sales,Account Executive,San Francisco,Male,2024-06-28,1.3,116000.0,4.3,92,0,1
5278,Sales,Sales Manager,San Francisco,Male,2024-02-16,1.6,143500.0,4.0,100,0,0
5279,Product,Senior PM,Toronto,Female,2021-01-05,4.7,148200.0,4.5,78,0,0
5280,Sales,Account Executive,Bangalore,Female,2017-01-11,8.7,53800.0,3.8,73,0,0
5281,Engineering,Engineering Manager,San Francisco,Female,2022-01-11,3.7,235600.0,3.3,90,0,0
5282,Sales,Account Executive,Bangalore,Female,2021-03-16,4.5,56500.0,3.1,60,0,1
5283,Customer Success,Onboarding Lead,San Francisco,Male,2020-07-01,5.3,128900.0,4.5,67,0,0
5284,Engineering,Engineering Manager,Remote,Male,2022-11-12,2.9,181800.0,3.0,85,1,0
5285,Engineering,Senior Engineer,San Francisco,Male,2019-07-27,6.2,195900.0,3.5,49,0,0
5286,Engineering,Senior Engineer,Toronto,Female,2022-11-09,2.9,131300.0,4.2,53,0,0
5287,Engineering,Engineering Manager,Remote,Male,2019-01-11,6.7,213000.0,3.1,75,1,0
5288,Product,Senior PM,Remote,Male,2024-07-18,1.2,142500.0,4.2,76,1,0
5289,Customer Success,Support Specialist,New York,Male,2018-07-23,7.2,107400.0,4.2,85,0,0
5290,Sales,SDR,Bangalore,Male,2023-10-13,2.0,56400.0,3.9,65,0,0
5291,Customer Success,CS Manager,Bangalore,Female,2021-10-13,4.0,42900.0,3.0,66,0,0
5292,Marketing,Content Strategist,London,Female,2018-04-23,7.4,127200.0,4.8,91,0,0
5293,Product,Senior PM,London,Male,2018-07-13,7.2,156400.0,2.8,69,0,0
5294,Product,Senior PM,Toronto,Female,2017-01-24,8.7,155000.0,2.1,53,0,0
5295,Engineering,Engineering Manager,Bangalore,Male,2024-01-15,1.7,98900.0,3.5,72,0,0
5296,Customer Success,Support Specialist,San Francisco,Female,2020-05-06,5.4,113100.0,3.3,62,0,0
5297,Customer Success,CS Manager,New York,Female,2022-12-19,2.8,78700.0,2.9,68,0,0
5298,Sales,Account Executive,New York,Male,2019-11-07,5.9,106500.0,4.0,73,0,1
5299,Sales,Sales Manager,Remote,Male,2020-03-25,5.5,122500.0,3.4,51,1,0
5300,Sales,Sales Manager,New York,Male,2022-07-22,3.2,156200.0,4.0,67,0,0
5301,Product,Product Designer,Berlin,Female,2023-02-03,2.7,161500.0,4.5,66,0,0
5302,Finance,Financial Analyst,San Francisco,Male,2023-06-17,2.3,110400.0,1.9,60,0,1
5303,Customer Success,Support Specialist,San Francisco,Male,2024-12-02,0.8,111300.0,3.9,70,0,0
5304,People,HR Business Partner,Remote,Male,2021-11-29,3.8,80000.0,4.3,77,1,0
5305,People,Recruiter,Bangalore,Male,2022-09-04,3.1,48200.0,2.5,60,0,0
5306,Product,Product Designer,Toronto,Female,2021-02-02,4.7,174000.0,4.5,75,0,0
5307,Engineering,Engineering Manager,New York,Male,2018-12-31,6.8,264900.0,2.5,61,0,0
5308,Sales,Account Executive,Remote,Male,2025-06-22,0.3,88100.0,2.5,66,1,0
5309,Engineering,Software Engineer,London,Female,2018-01-03,7.7,159200.0,2.2,78,0,0
5310,Sales,Sales Manager,Toronto,Female,2023-12-21,1.8,113100.0,4.2,83,0,0
5311,Engineering,Software Engineer,San Francisco,Male,2020-05-30,5.3,163500.0,3.7,91,0,1
5312,Finance,Controller,San Francisco,Female,2018-05-10,7.4,174100.0,3.4,63,0,0
5313,Engineering,Engineering Manager,New York,Female,2023-09-03,2.1,237300.0,5.0,70,0,0
5314,Engineering,Engineering Manager,New York,Male,2022-09-08,3.1,213800.0,4.5,95,0,0
5315,Customer Success,CS Manager,San Francisco,Female,2024-10-08,1.0,78800.0,3.7,83,0,0
5316,People,Recruiter,Toronto,Male,2021-08-21,4.1,95700.0,2.6,60,0,0
5317,People,Recruiter,San Francisco,Male,2022-08-01,3.2,132900.0,2.3,38,0,1
5318,Engineering,Senior Engineer,Toronto,Male,2019-11-26,5.9,158700.0,4.0,72,0,0
5319,Sales,Account Executive,San Francisco,Female,2022-11-26,2.8,105300.0,3.6,64,0,0
5320,Sales,Sales Manager,London,Male,2023-03-10,2.6,116900.0,3.3,70,0,0
5321,Sales,Account Executive,Remote,Female,2018-11-13,6.9,89600.0,4.4,92,1,0
5322,Finance,Financial Analyst,Bangalore,Male,2024-06-18,1.3,48900.0,3.5,64,0,0
5323,Engineering,Staff Engineer,Remote,Female,2024-12-05,0.8,152200.0,4.1,70,1,0
5324,Product,Senior PM,San Francisco,Male,2019-12-07,5.8,174900.0,2.1,59,0,0
5325,Sales,Sales Manager,London,Female,2023-06-12,2.3,127600.0,3.4,79,0,0
5326,Engineering,Staff Engineer,San Francisco,Male,2020-01-22,5.7,243700.0,3.2,71,0,0
5327,Engineering,Staff Engineer,Bangalore,Female,2023-04-23,2.4,98200.0,4.4,87,0,0
5328,Engineering,Senior Engineer,Toronto,Male,2024-12-16,0.8,135000.0,3.2,69,0,0
5329,Marketing,Content Strategist,Remote,Female,2016-10-10,9.0,135700.0,3.8,84,1,0
5330,Engineering,Engineering Manager,San Francisco,Male,2022-09-21,3.0,253200.0,3.5,89,0,0
5331,Engineering,Staff Engineer,London,Female,2022-04-18,3.5,185400.0,4.1,82,0,0
5332,Sales,Account Executive,San Francisco,Female,2022-06-19,3.3,120100.0,3.6,76,0,0
5333,Engineering,Engineering Manager,Bangalore,Female,2023-01-01,2.8,116100.0,3.7,75,0,0
5334,People,People Ops,Bangalore,Female,2020-11-20,4.9,69400.0,2.7,49,0,0
5335,Engineering,Senior Engineer,San Francisco,Male,2025-06-05,0.3,186800.0,3.1,62,0,0
5336,Customer Success,CS Manager,Bangalore,Female,2025-01-04,0.7,35100.0,3.7,81,0,0
5337,Engineering,Staff Engineer,Toronto,Male,2018-06-04,7.3,188100.0,3.5,92,0,0
5338,Finance,Controller,San Francisco,Female,2023-06-16,2.3,141700.0,4.4,83,0,0
5339,Product,Senior PM,San Francisco,Male,2021-04-03,4.5,171000.0,4.0,71,0,0
5340,Customer Success,Onboarding Lead,Toronto,Female,2023-07-08,2.2,89100.0,3.1,69,0,0
5341,Marketing,Growth Analyst,Toronto,Female,2019-01-18,6.7,133600.0,3.7,60,0,0
5342,Sales,Account Executive,Remote,Male,2019-11-03,5.9,92400.0,4.0,54,1,0
5343,Customer Success,Onboarding Lead,New York,Male,2024-09-13,1.0,119900.0,3.6,57,0,0
5344,People,Recruiter,San Francisco,Male,2019-08-10,6.1,133300.0,3.5,57,0,1
5345,Engineering,Staff Engineer,Toronto,Female,2022-01-18,3.7,154300.0,3.9,82,0,0
5346,Marketing,Growth Analyst,Remote,Male,2018-05-22,7.4,129000.0,5.0,82,1,0
5347,Product,Product Designer,Remote,Male,2022-05-09,3.4,163500.0,3.4,61,1,0
5348,Marketing,Content Strategist,Remote,Male,2024-10-26,0.9,97000.0,3.1,64,1,0
5349,Engineering,Software Engineer,Remote,Female,2024-01-06,1.7,125800.0,2.5,52,1,0
5350,Customer Success,Onboarding Lead,New York,Female,2020-05-25,5.4,116800.0,2.7,54,0,1
5351,People,People Ops,New York,Male,2018-08-28,7.1,132700.0,2.7,70,0,1
5352,Engineering,Engineering Manager,Bangalore,Female,2018-03-15,7.6,125600.0,3.2,69,0,0
5353,Engineering,Software Engineer,New York,Female,2021-07-27,4.2,166200.0,2.7,56,0,0
5354,Engineering,Senior Engineer,Remote,Male,2020-06-05,5.3,166500.0,4.4,62,1,0
5355,Engineering,Staff Engineer,New York,Female,2021-11-29,3.8,222300.0,3.0,55,0,0
5356,Marketing,Growth Analyst,Toronto,Male,2021-07-02,4.3,128500.0,3.0,66,0,0
5357,Customer Success,CS Manager,San Francisco,Female,2018-02-12,7.6,94500.0,4.8,89,0,1
5358,Engineering,Staff Engineer,Toronto,Male,2024-06-20,1.3,165200.0,2.8,70,0,0
5359,Product,Product Designer,Remote,Female,2017-01-01,8.8,203500.0,4.1,74,1,0
5360,Engineering,Software Engineer,Remote,Male,2023-09-09,2.1,134400.0,3.8,54,1,0
5361,People,People Ops,Remote,Male,2018-07-02,7.3,115600.0,3.3,71,1,0
5362,Customer Success,Onboarding Lead,New York,Female,2021-10-24,3.9,117600.0,3.7,71,0,0
5363,Engineering,Senior Engineer,San Francisco,Male,2022-11-19,2.9,176000.0,3.1,51,0,0
5364,Marketing,Growth Analyst,New York,Male,2023-01-06,2.7,143800.0,3.6,72,0,0
5365,Engineering,Engineering Manager,New York,Female,2022-06-11,3.3,251200.0,4.1,53,0,0
5366,Sales,SDR,Remote,Male,2020-02-07,5.7,109900.0,3.1,77,1,0
5367,Engineering,Software Engineer,Bangalore,Non-binary,2019-08-18,6.1,74900.0,3.2,74,0,1
5368,Customer Success,Support Specialist,London,Non-binary,2020-02-07,5.7,91500.0,4.1,71,0,0
5369,Finance,Controller,San Francisco,Female,2023-12-22,1.8,155700.0,4.0,83,0,0
5370,People,Recruiter,New York,Male,2019-11-18,5.9,134900.0,3.6,57,0,1
5371,Customer Success,Onboarding Lead,San Francisco,Male,2023-06-05,2.3,131000.0,2.7,69,0,0
5372,Engineering,Staff Engineer,London,Female,2023-04-08,2.5,177000.0,4.5,89,0,0
5373,Engineering,Staff Engineer,Remote,Female,2023-08-27,2.1,155700.0,3.0,55,1,0
5374,Marketing,Growth Analyst,Berlin,Male,2018-06-22,7.3,137200.0,4.6,63,0,0
5375,Engineering,Software Engineer,Berlin,Female,2021-01-07,4.7,114800.0,4.0,80,0,0
5376,Engineering,Senior Engineer,Toronto,Male,2021-03-21,4.5,147700.0,3.0,63,0,0
5377,Engineering,Engineering Manager,London,Male,2020-07-20,5.2,210500.0,4.1,83,0,0
5378,Engineering,Staff Engineer,Remote,Male,2025-02-11,0.6,176800.0,3.5,69,1,0
5379,Customer Success,CS Manager,Remote,Non-binary,2021-06-26,4.3,72700.0,3.3,70,1,0
5380,Engineering,Engineering Manager,Bangalore,Female,2023-05-01,2.4,97500.0,3.6,80,0,0
5381,People,HR Business Partner,New York,Male,2021-09-13,4.1,106700.0,4.6,92,0,0
5382,People,HR Business Partner,Toronto,Male,2023-01-10,2.7,78100.0,3.9,85,0,0
5383,Customer Success,CS Manager,London,Male,2024-05-13,1.4,70500.0,3.6,51,0,0
5384,People,HR Business Partner,Remote,Male,2024-03-13,1.6,76900.0,4.2,76,1,0
5385,Sales,Account Executive,San Francisco,Male,2020-09-16,5.0,123400.0,3.6,57,0,1
5386,Product,Product Manager,Remote,Female,2020-12-22,4.8,129300.0,2.8,61,1,0
5387,Engineering,Senior Engineer,Remote,Female,2023-04-04,2.5,149500.0,2.6,55,1,0
5388,Product,Product Manager,San Francisco,Male,2020-05-03,5.4,166700.0,4.0,61,0,0
5389,People,HR Business Partner,London,Female,2024-03-01,1.6,75700.0,4.4,65,0,0
5390,Customer Success,Onboarding Lead,San Francisco,Male,2023-12-04,1.8,130600.0,3.3,80,0,0
5391,Engineering,Engineering Manager,Remote,Female,2018-07-19,7.2,233500.0,4.3,63,1,0
5392,Customer Success,Onboarding Lead,Remote,Male,2023-12-03,1.8,104200.0,3.9,89,1,0
5393,Engineering,Engineering Manager,Bangalore,Male,2017-09-24,8.0,128900.0,3.3,63,0,0
5394,Marketing,Content Strategist,San Francisco,Female,2023-10-18,2.0,120100.0,3.6,67,0,0
5395,Sales,Sales Manager,Berlin,Female,2024-05-24,1.4,113300.0,4.4,90,0,0
5396,Sales,Account Executive,San Francisco,Male,2019-05-17,6.4,122100.0,2.6,60,0,0
5397,Product,Product Designer,Bangalore,Male,2024-02-08,1.6,79800.0,2.9,76,0,0
5398,Engineering,Staff Engineer,Berlin,Male,2020-03-05,5.6,171700.0,3.6,71,0,0
5399,Engineering,Software Engineer,Remote,Female,2022-01-25,3.7,140600.0,4.0,70,1,0
5400,Product,Product Manager,Toronto,Non-binary,2023-11-11,1.9,114000.0,3.7,72,0,0
5401,Marketing,Growth Analyst,Remote,Male,2021-01-07,4.7,126600.0,3.7,86,1,0
5402,Engineering,Engineering Manager,London,Male,2022-02-23,3.6,209300.0,3.6,69,0,0
5403,Engineering,Staff Engineer,Remote,Male,2021-07-02,4.3,177200.0,3.6,66,1,0
5404,Marketing,Content Strategist,New York,Male,2025-01-23,0.7,118700.0,3.4,66,0,0
5405,Marketing,Growth Analyst,Bangalore,Male,2021-07-24,4.2,69600.0,3.8,66,0,0
5406,Engineering,Senior Engineer,San Francisco,Male,2019-10-11,6.0,185500.0,3.5,63,0,0
5407,Sales,Account Executive,Remote,Female,2021-12-04,3.8,86700.0,2.5,64,1,1
5408,Engineering,Engineering Manager,London,Female,2021-03-08,4.6,228400.0,2.8,60,0,1
5409,Marketing,Content Strategist,San Francisco,Female,2022-03-30,3.5,149200.0,3.8,53,0,1
5410,Sales,Sales Manager,New York,Female,2023-03-18,2.5,136100.0,3.9,59,0,0
5411,Sales,Account Executive,New York,Female,2021-03-29,4.5,102800.0,3.3,63,0,0
5412,Customer Success,Support Specialist,Toronto,Female,2022-08-14,3.1,85600.0,4.1,98,0,1
5413,Marketing,Content Strategist,London,Male,2019-10-16,6.0,119000.0,4.1,77,0,0
5414,Customer Success,CS Manager,London,Male,2025-02-02,0.7,70100.0,3.9,55,0,1
5415,People,Recruiter,San Francisco,Female,2019-01-05,6.7,130900.0,3.8,74,0,1
5416,Engineering,Senior Engineer,San Francisco,Female,2018-05-14,7.4,200300.0,3.3,84,0,0
5417,Marketing,Content Strategist,Remote,Female,2023-01-10,2.7,101800.0,3.4,71,1,0
5418,Customer Success,Support Specialist,Bangalore,Male,2023-09-06,2.1,48600.0,3.1,63,0,0
5419,Product,Product Designer,San Francisco,Female,2024-08-12,1.1,213300.0,4.1,100,0,0
5420,Engineering,Staff Engineer,Berlin,Male,2024-07-20,1.2,150000.0,4.4,78,0,0
5421,Product,Product Manager,Toronto,Male,2020-02-16,5.6,111700.0,3.6,77,0,0
5422,Engineering,Engineering Manager,New York,Male,2018-01-14,7.7,250100.0,2.4,87,0,0
5423,Customer Success,Support Specialist,London,Female,2020-08-30,5.1,90200.0,2.7,56,0,1
5424,Sales,Sales Manager,Bangalore,Female,2024-05-14,1.4,70000.0,4.1,73,0,0
5425,People,People Ops,Remote,Female,2019-10-07,6.0,120600.0,3.6,70,1,1
5426,People,People Ops,Berlin,Male,2024-03-19,1.5,103100.0,2.4,71,0,0
5427,Engineering,Engineering Manager,Bangalore,Female,2025-03-15,0.5,99900.0,2.2,63,0,0
5428,Customer Success,Onboarding Lead,San Francisco,Male,2021-05-25,4.4,116300.0,5.0,82,0,0
5429,People,People Ops,New York,Male,2023-05-27,2.4,141000.0,3.9,83,0,0
5430,Engineering,Staff Engineer,San Francisco,Female,2024-12-01,0.8,222100.0,4.1,71,0,0
5431,Sales,Account Executive,San Francisco,Female,2025-06-30,0.3,107300.0,3.4,75,0,0
5432,Finance,Accountant,New York,Male,2021-03-25,4.5,170100.0,4.8,75,0,0
5433,Engineering,Staff Engineer,London,Male,2022-03-21,3.5,165900.0,3.8,61,0,0
5434,People,People Ops,San Francisco,Male,2024-10-20,0.9,140500.0,2.5,72,0,0
5435,Marketing,Marketing Manager,Remote,Female,2023-08-04,2.2,83900.0,3.8,60,1,0
5436,Sales,Sales Manager,New York,Male,2019-08-11,6.1,171900.0,4.5,60,0,0
5437,Marketing,Growth Analyst,London,Male,2019-10-07,6.0,150000.0,2.2,51,0,0
5438,Engineering,Senior Engineer,Remote,Female,2024-05-12,1.4,151300.0,3.2,72,1,0
5439,Sales,SDR,New York,Male,2017-04-26,8.4,139200.0,3.2,50,0,0
5440,People,HR Business Partner,Remote,Male,2018-01-11,7.7,86900.0,3.8,74,1,0
5441,Engineering,Engineering Manager,Bangalore,Female,2023-11-29,1.8,97300.0,3.3,72,0,0
5442,Finance,Accountant,San Francisco,Female,2024-09-11,1.1,164800.0,3.2,78,0,0
5443,Engineering,Staff Engineer,New York,Female,2023-02-15,2.6,216700.0,3.4,71,0,0
5444,Engineering,Staff Engineer,Remote,Female,2018-11-14,6.9,182800.0,3.6,72,1,0
5445,Engineering,Staff Engineer,Remote,Male,2023-07-12,2.2,178900.0,4.6,90,1,0
5446,Marketing,Growth Analyst,Toronto,Female,2022-01-28,3.7,111600.0,4.0,82,0,0
5447,Marketing,Content Strategist,Remote,Male,2020-06-20,5.3,118600.0,4.5,68,1,0
5448,People,People Ops,Remote,Male,2017-10-13,8.0,115000.0,4.6,100,1,0
5449,Marketing,Growth Analyst,Toronto,Female,2024-11-02,0.9,116200.0,3.6,61,0,0
5450,People,HR Business Partner,Remote,Male,2019-03-18,6.5,85000.0,2.3,50,1,0
5451,Product,Product Designer,New York,Male,2025-06-07,0.3,177500.0,2.8,62,0,0
5452,Sales,Account Executive,London,Female,2020-04-24,5.4,103700.0,3.5,61,0,0
5453,Engineering,Staff Engineer,Bangalore,Male,2025-05-13,0.4,81800.0,5.0,69,0,1
5454,Engineering,Senior Engineer,San Francisco,Female,2020-03-18,5.5,195900.0,3.3,83,0,0
5455,People,Recruiter,London,Male,2019-12-26,5.8,108800.0,3.8,88,0,0
5456,Engineering,Software Engineer,New York,Male,2024-06-26,1.3,135300.0,2.9,65,0,0
5457,Engineering,Engineering Manager,San Francisco,Female,2020-08-20,5.1,237800.0,2.4,52,0,0
5458,Engineering,Software Engineer,London,Male,2024-04-26,1.4,118000.0,3.3,62,0,0
5459,Product,Product Designer,Bangalore,Male,2023-12-29,1.8,80800.0,4.3,100,0,0
5460,Engineering,Engineering Manager,Bangalore,Male,2024-02-17,1.6,98200.0,5.0,62,0,0
5461,Engineering,Engineering Manager,Toronto,Female,2021-12-28,3.8,194300.0,2.3,80,0,0
5462,Engineering,Senior Engineer,Remote,Male,2022-09-14,3.0,147800.0,3.4,78,1,1
5463,Engineering,Software Engineer,San Francisco,Female,2024-06-09,1.3,147000.0,4.8,67,0,1
5464,Engineering,Engineering Manager,Remote,Male,2022-06-18,3.3,201700.0,4.7,94,1,1
5465,Sales,Account Executive,New York,Female,2019-08-30,6.1,117400.0,2.9,68,0,0
5466,Marketing,Marketing Manager,New York,Female,2020-12-22,4.8,108600.0,3.6,72,0,0
5467,Engineering,Software Engineer,Berlin,Male,2019-10-23,5.9,117000.0,4.0,76,0,0
5468,Product,Product Designer,Remote,Female,2017-04-25,8.4,193500.0,3.6,82,1,1
5469,Marketing,Growth Analyst,San Francisco,Male,2021-12-15,3.8,155500.0,3.5,71,0,0
5470,Product,Product Manager,Berlin,Female,2022-05-09,3.4,114300.0,2.9,66,0,0
5471,People,HR Business Partner,San Francisco,Female,2024-12-12,0.8,97100.0,2.9,65,0,0
5472,Finance,Financial Analyst,New York,Female,2025-04-20,0.4,101700.0,4.3,57,0,0
5473,Marketing,Marketing Manager,Berlin,Male,2022-05-27,3.4,83300.0,4.0,66,0,0
5474,Engineering,Engineering Manager,Berlin,Female,2024-05-28,1.3,165500.0,4.1,77,0,0
5475,Engineering,Engineering Manager,Toronto,Non-binary,2023-02-02,2.7,200100.0,4.9,82,0,0
5476,Finance,Financial Analyst,Remote,Female,2023-08-08,2.2,99600.0,3.9,88,1,0
5477,Engineering,Staff Engineer,Bangalore,Male,2022-10-31,2.9,102800.0,3.2,58,0,0
5478,Customer Success,Onboarding Lead,Bangalore,Female,2023-12-21,1.8,55400.0,3.5,75,0,0
5479,Product,Product Designer,Remote,Female,2022-12-19,2.8,167700.0,2.7,66,1,0
5480,Engineering,Engineering Manager,New York,Female,2021-04-13,4.5,255700.0,3.7,68,0,0
5481,Engineering,Software Engineer,London,Female,2016-12-27,8.8,143400.0,5.0,64,0,0
5482,Sales,Sales Manager,New York,Male,2018-07-05,7.2,171900.0,4.6,84,0,0
5483,Engineering,Engineering Manager,Berlin,Female,2020-08-13,5.1,185100.0,3.4,67,0,0
5484,Sales,SDR,San Francisco,Male,2023-06-23,2.3,123900.0,3.9,69,0,0
5485,Sales,Account Executive,New York,Non-binary,2024-12-18,0.8,93600.0,4.0,83,0,0
5486,Finance,Controller,Remote,Male,2024-10-29,0.9,102900.0,4.3,67,1,0
5487,Finance,Accountant,New York,Male,2023-06-09,2.3,148200.0,3.3,73,0,0
5488,Marketing,Growth Analyst,London,Male,2019-07-30,6.2,132400.0,3.8,64,0,1
5489,Marketing,Growth Analyst,Bangalore,Male,2023-04-05,2.5,67200.0,2.4,83,0,0
5490,Engineering,Engineering Manager,San Francisco,Female,2022-03-01,3.6,235600.0,3.1,64,0,0
5491,Engineering,Software Engineer,Bangalore,Male,2024-10-02,1.0,61500.0,3.6,71,0,0
5492,Sales,Account Executive,Remote,Male,2020-10-14,5.0,100400.0,3.1,73,1,0
5493,Sales,Sales Manager,Toronto,Male,2024-06-12,1.3,113600.0,3.6,71,0,1
5494,Product,Product Manager,Remote,Male,2025-03-30,0.5,117000.0,4.6,81,1,1
5495,Engineering,Staff Engineer,Bangalore,Male,2021-04-08,4.5,95600.0,2.9,56,0,0
5496,Product,Product Designer,New York,Female,2021-05-25,4.4,195700.0,3.3,78,0,0
5497,Sales,Sales Manager,New York,Female,2021-11-14,3.9,160300.0,3.2,78,0,0
5498,Product,Product Designer,London,Non-binary,2021-05-27,4.4,162900.0,3.7,82,0,0
5499,Engineering,Software Engineer,London,Male,2023-12-03,1.8,137800.0,3.9,80,0,0
5500,Finance,Controller,Bangalore,Male,2023-12-16,1.8,62400.0,4.2,59,0,0
5501,Marketing,Marketing Manager,Bangalore,Female,2020-10-10,5.0,48800.0,3.8,56,0,0
5502,Sales,Account Executive,San Francisco,Female,2022-06-12,3.3,105100.0,3.9,69,0,0
5503,Sales,SDR,Bangalore,Male,2023-02-16,2.6,60000.0,3.0,64,0,1
5504,Customer Success,CS Manager,Bangalore,Male,2021-12-26,3.8,40900.0,3.2,76,0,0
5505,Engineering,Senior Engineer,New York,Male,2021-06-29,4.3,201700.0,3.4,75,0,0
5506,Sales,Sales Manager,Bangalore,Female,2024-12-08,0.8,70000.0,3.5,68,0,0
5507,Sales,Sales Manager,San Francisco,Female,2023-01-04,2.7,137400.0,2.7,60,0,0
5508,Engineering,Engineering Manager,London,Male,2023-01-10,2.7,186100.0,4.5,82,0,0
5509,Product,Product Designer,Toronto,Male,2022-09-08,3.1,140400.0,2.8,66,0,0
5510,Customer Success,Onboarding Lead,Bangalore,Female,2020-10-31,4.9,55300.0,2.6,48,0,0
5511,Customer Success,Onboarding Lead,Berlin,Female,2017-08-22,8.1,105500.0,3.7,78,0,0
5512,Product,Senior PM,San Francisco,Female,2024-11-27,0.8,168500.0,3.6,65,0,0
5513,Sales,Account Executive,San Francisco,Female,2018-02-04,7.7,135600.0,4.3,87,0,0
5514,Marketing,Content Strategist,Remote,Male,2018-01-03,7.7,117200.0,3.5,79,1,0
5515,Engineering,Senior Engineer,San Francisco,Female,2022-01-24,3.7,179800.0,3.4,85,0,0
5516,Engineering,Software Engineer,Remote,Male,2024-01-18,1.7,133600.0,3.1,59,1,0
5517,Engineering,Senior Engineer,Bangalore,Male,2024-07-24,1.2,79200.0,3.4,94,0,0
5518,Engineering,Software Engineer,Bangalore,Male,2022-11-28,2.8,76400.0,3.5,61,0,1
5519,Engineering,Senior Engineer,Remote,Male,2021-11-08,3.9,161000.0,4.1,71,1,0
5520,Customer Success,Onboarding Lead,San Francisco,Non-binary,2021-05-03,4.4,129100.0,3.8,86,0,0
5521,Finance,Financial Analyst,Bangalore,Female,2019-04-08,6.5,60600.0,3.3,54,0,0
5522,Customer Success,Onboarding Lead,Remote,Female,2022-04-01,3.5,91600.0,4.8,100,1,0
5523,Finance,Financial Analyst,San Francisco,Male,2025-04-26,0.4,113700.0,4.1,87,0,0
5524,Customer Success,CS Manager,Remote,Male,2017-12-14,7.8,80800.0,2.2,51,1,0
5525,Engineering,Staff Engineer,Bangalore,Male,2022-12-16,2.8,98100.0,4.1,76,0,0
5526,Sales,Account Executive,San Francisco,Male,2020-07-26,5.2,112700.0,4.3,73,0,0
5527,Marketing,Growth Analyst,San Francisco,Female,2022-02-14,3.6,144700.0,4.1,82,0,0
5528,Marketing,Content Strategist,Bangalore,Female,2023-10-05,2.0,52800.0,2.9,66,0,1
5529,Engineering,Staff Engineer,San Francisco,Male,2024-08-02,1.2,187100.0,4.2,68,0,0
5530,Engineering,Staff Engineer,New York,Female,2025-01-07,0.7,189900.0,3.7,86,0,0
5531,Sales,Account Executive,London,Female,2021-09-06,4.1,102700.0,4.2,81,0,0
5532,Customer Success,Support Specialist,New York,Male,2021-10-14,4.0,104000.0,4.2,77,0,1
5533,Engineering,Staff Engineer,Remote,Male,2024-07-09,1.2,165300.0,4.6,90,1,0
5534,People,People Ops,Remote,Female,2022-09-13,3.1,118600.0,4.5,70,1,0
5535,Product,Product Designer,London,Male,2020-07-15,5.2,178000.0,2.6,55,0,1
5536,Engineering,Senior Engineer,San Francisco,Female,2023-08-01,2.2,200800.0,3.1,84,0,0
5537,Engineering,Software Engineer,Berlin,Female,2023-04-07,2.5,118400.0,3.1,72,0,1
5538,Marketing,Content Strategist,San Francisco,Female,2023-02-18,2.6,128300.0,4.3,70,0,0
5539,Marketing,Growth Analyst,Remote,Male,2019-01-20,6.7,150000.0,4.1,72,1,0
5540,Sales,Sales Manager,London,Male,2016-12-05,8.8,138200.0,2.3,48,0,0
5541,Marketing,Growth Analyst,Bangalore,Male,2024-09-21,1.0,71100.0,4.0,81,0,0
5542,Product,Senior PM,Remote,Female,2017-05-26,8.4,173300.0,4.6,80,1,1
5543,Engineering,Software Engineer,San Francisco,Male,2021-11-09,3.9,173700.0,4.9,61,0,0
5544,Engineering,Staff Engineer,Remote,Female,2025-06-14,0.3,157500.0,4.2,90,1,0
5545,Engineering,Software Engineer,Remote,Female,2020-06-16,5.3,128600.0,3.8,100,1,1
5546,Finance,Financial Analyst,Berlin,Male,2022-06-04,3.3,99200.0,3.8,98,0,0
5547,Marketing,Content Strategist,New York,Male,2025-06-30,0.3,128800.0,3.7,68,0,1
5548,Engineering,Engineering Manager,New York,Male,2022-05-27,3.4,234800.0,3.8,73,0,1
5549,Engineering,Engineering Manager,Berlin,Female,2021-03-17,4.5,204500.0,3.3,42,0,0
5550,Engineering,Senior Engineer,Toronto,Male,2017-02-10,8.6,152400.0,3.3,50,0,0
5551,Finance,Controller,London,Female,2024-06-16,1.3,113900.0,3.1,66,0,0
5552,Engineering,Software Engineer,London,Male,2023-07-28,2.2,125000.0,4.4,76,0,0
5553,Sales,Sales Manager,Berlin,Female,2024-05-26,1.4,104600.0,2.6,65,0,0
5554,Engineering,Staff Engineer,Berlin,Female,2022-10-10,3.0,170700.0,4.1,92,0,1
5555,Product,Product Manager,London,Non-binary,2020-03-17,5.5,143800.0,4.1,91,0,0
5556,Sales,Sales Manager,New York,Male,2022-02-02,3.7,137300.0,2.8,59,0,1
5557,Customer Success,Onboarding Lead,Remote,Male,2017-12-19,7.8,108000.0,3.4,84,1,1
5558,Product,Product Manager,Remote,Male,2023-06-06,2.3,112400.0,2.9,71,1,0
5559,People,People Ops,Remote,Male,2023-09-26,2.0,105600.0,3.1,80,1,0
5560,Marketing,Marketing Manager,Remote,Male,2017-09-12,8.1,109400.0,4.1,79,1,0
5561,Engineering,Senior Engineer,Remote,Female,2022-07-26,3.2,142500.0,4.3,61,1,0
5562,People,HR Business Partner,Bangalore,Male,2021-09-26,4.0,42200.0,3.0,50,0,0
5563,People,HR Business Partner,San Francisco,Male,2022-03-24,3.5,94200.0,3.9,63,0,0
5564,Customer Success,CS Manager,Remote,Male,2022-12-16,2.8,69300.0,3.1,79,1,1
5565,Finance,Accountant,Berlin,Male,2018-05-12,7.4,142000.0,4.5,95,0,0
5566,Engineering,Software Engineer,San Francisco,Female,2024-10-23,0.9,145100.0,2.8,65,0,1
5567,Customer Success,Onboarding Lead,Remote,Male,2017-08-03,8.2,112500.0,3.1,66,1,0
5568,Sales,Account Executive,Remote,Female,2025-03-01,0.6,93700.0,3.4,50,1,0
5569,Engineering,Software Engineer,San Francisco,Non-binary,2021-03-01,4.6,162300.0,3.4,76,0,0
5570,Engineering,Staff Engineer,New York,Male,2016-05-24,9.4,249900.0,3.5,58,0,0
5571,People,People Ops,Berlin,Female,2020-01-08,5.7,123000.0,3.6,95,0,0
5572,Sales,Sales Manager,London,Male,2023-11-06,1.9,120800.0,3.8,73,0,0
5573,Sales,Sales Manager,New York,Male,2023-12-12,1.8,147600.0,3.1,71,0,0
5574,Engineering,Senior Engineer,Toronto,Female,2019-12-29,5.8,149000.0,4.2,100,0,0
5575,Sales,Sales Manager,San Francisco,Male,2024-04-11,1.5,151300.0,3.4,64,0,0
5576,Finance,Controller,London,Male,2020-05-13,5.4,129100.0,3.0,72,0,0
5577,Marketing,Marketing Manager,Berlin,Male,2025-05-07,0.4,80200.0,3.3,71,0,0
5578,Sales,Sales Manager,Bangalore,Male,2025-05-21,0.4,62700.0,4.4,85,0,0
5579,Finance,Financial Analyst,San Francisco,Male,2023-04-23,2.4,110700.0,3.5,84,0,0
5580,Product,Product Designer,New York,Male,2022-09-16,3.0,189200.0,3.4,57,0,0
5581,Customer Success,CS Manager,Remote,Male,2021-01-01,4.8,79700.0,3.8,80,1,0
5582,Customer Success,Onboarding Lead,Remote,Female,2022-09-02,3.1,101800.0,2.6,66,1,0
5583,Product,Product Manager,New York,Non-binary,2023-08-06,2.2,131600.0,3.7,74,0,0
5584,People,HR Business Partner,New York,Female,2022-03-19,3.5,91900.0,3.1,68,0,0
5585,Customer Success,Onboarding Lead,New York,Female,2023-07-29,2.2,114100.0,4.6,78,0,1
5586,Product,Product Designer,San Francisco,Male,2019-12-10,5.8,215600.0,3.7,51,0,0
5587,Engineering,Engineering Manager,London,Male,2016-05-02,9.4,237600.0,3.2,86,0,0
5588,Sales,Sales Manager,San Francisco,Female,2024-07-30,1.2,135200.0,3.8,67,0,0
5589,Customer Success,Onboarding Lead,Bangalore,Female,2023-11-11,1.9,56900.0,4.0,70,0,0
5590,Engineering,Software Engineer,San Francisco,Male,2020-06-08,5.3,165700.0,4.5,88,0,0
5591,Product,Product Manager,Remote,Male,2021-10-13,4.0,113000.0,3.1,52,1,0
5592,Marketing,Marketing Manager,San Francisco,Male,2021-02-17,4.6,125200.0,3.1,70,0,0
5593,Engineering,Senior Engineer,Bangalore,Female,2025-01-20,0.7,82700.0,2.9,65,0,0
5594,Engineering,Staff Engineer,Bangalore,Female,2022-04-04,3.5,104800.0,3.8,70,0,0
5595,Engineering,Engineering Manager,London,Male,2019-04-22,6.4,236600.0,4.4,83,0,0
5596,Sales,SDR,New York,Female,2019-12-29,5.8,144300.0,2.5,73,0,0
5597,Engineering,Senior Engineer,London,Male,2020-03-18,5.5,169600.0,3.7,73,0,0
5598,Engineering,Senior Engineer,San Francisco,Female,2017-10-31,7.9,195400.0,3.1,69,0,0
5599,People,People Ops,Berlin,Female,2020-08-18,5.1,104900.0,3.3,80,0,0
5600,Engineering,Senior Engineer,Bangalore,Male,2025-06-18,0.3,83800.0,4.1,70,0,0
5601,Engineering,Staff Engineer,Remote,Female,2019-11-19,5.9,175700.0,3.5,61,1,0
5602,Engineering,Senior Engineer,Toronto,Female,2020-01-04,5.7,160000.0,3.1,85,0,0
5603,Sales,Sales Manager,New York,Female,2021-01-10,4.7,165100.0,2.8,59,0,0
5604,Marketing,Content Strategist,London,Male,2023-10-07,2.0,118500.0,4.8,52,0,0
5605,Engineering,Staff Engineer,Remote,Female,2023-12-05,1.8,181300.0,3.2,59,1,0
5606,Engineering,Senior Engineer,Remote,Male,2019-07-21,6.2,167400.0,2.8,63,1,0
5607,Sales,SDR,Bangalore,Female,2024-09-26,1.0,59500.0,3.4,87,0,0
5608,Engineering,Senior Engineer,Bangalore,Male,2023-11-07,1.9,82500.0,3.7,67,0,0
5609,Engineering,Senior Engineer,New York,Female,2021-05-03,4.4,192000.0,2.6,71,0,0
5610,Product,Product Designer,London,Male,2023-08-13,2.1,168600.0,3.4,58,0,0
5611,Product,Product Designer,New York,Female,2022-10-17,3.0,208500.0,2.6,38,0,0
5612,Sales,Sales Manager,London,Male,2021-02-15,4.6,121800.0,3.6,65,0,1
5613,People,HR Business Partner,London,Male,2018-07-15,7.2,98000.0,5.0,92,0,0
5614,People,Recruiter,San Francisco,Female,2023-08-12,2.1,119400.0,3.4,72,0,0
5615,Product,Product Manager,New York,Female,2023-11-13,1.9,139400.0,3.6,81,0,0
5616,Engineering,Senior Engineer,London,Female,2018-01-17,7.7,177200.0,3.3,75,0,0
5617,People,People Ops,Bangalore,Non-binary,2021-05-15,4.4,63500.0,2.4,67,0,1
5618,Customer Success,Support Specialist,Bangalore,Male,2023-01-23,2.7,46900.0,3.2,68,0,0
5619,Marketing,Content Strategist,Bangalore,Female,2023-11-11,1.9,61600.0,3.6,82,0,0
5620,Engineering,Software Engineer,New York,Female,2023-07-31,2.2,163200.0,4.3,57,0,0
5621,Engineering,Senior Engineer,London,Male,2024-10-11,1.0,159900.0,3.5,53,0,0
5622,Engineering,Engineering Manager,San Francisco,Male,2019-10-31,5.9,237600.0,3.2,58,0,0
5623,Product,Product Designer,Bangalore,Male,2020-11-23,4.9,93700.0,3.3,65,0,0
5624,Engineering,Software Engineer,San Francisco,Female,2023-11-26,1.8,156100.0,3.4,71,0,0
5625,Engineering,Senior Engineer,Remote,Male,2021-08-18,4.1,140700.0,3.4,63,1,0
5626,Sales,Sales Manager,Remote,Female,2022-02-09,3.6,117600.0,3.6,64,1,0
5627,Marketing,Content Strategist,Bangalore,Male,2023-09-17,2.0,63700.0,4.3,66,0,0
5628,Sales,Sales Manager,New York,Female,2019-11-18,5.9,165900.0,2.4,61,0,1
5629,Sales,Account Executive,Remote,Male,2017-06-21,8.3,109000.0,3.8,77,1,0
5630,Sales,SDR,Toronto,Male,2019-03-24,6.5,117000.0,3.8,85,0,0
5631,Product,Product Designer,Toronto,Male,2023-04-18,2.5,167200.0,3.9,83,0,0
5632,People,People Ops,New York,Male,2020-07-14,5.2,135600.0,4.2,84,0,0
5633,Engineering,Engineering Manager,New York,Female,2020-09-30,5.0,223500.0,4.4,76,0,0
5634,Finance,Controller,San Francisco,Male,2020-04-17,5.5,155700.0,3.7,84,0,0
5635,Product,Product Manager,London,Male,2022-10-22,2.9,132600.0,3.2,68,0,0
5636,Engineering,Engineering Manager,Bangalore,Female,2023-07-07,2.2,107300.0,3.5,96,0,0
5637,Engineering,Staff Engineer,Bangalore,Male,2024-03-14,1.6,90400.0,3.7,65,0,0
5638,Customer Success,Support Specialist,Remote,Male,2021-10-04,4.0,93000.0,1.7,50,1,0
5639,Engineering,Software Engineer,San Francisco,Male,2024-03-19,1.5,145700.0,3.6,70,0,0
5640,Engineering,Software Engineer,London,Male,2018-07-26,7.2,152600.0,3.7,76,0,0
5641,Product,Product Designer,Bangalore,Male,2023-10-16,2.0,90700.0,3.5,72,0,0
5642,Customer Success,Onboarding Lead,Berlin,Female,2025-03-23,0.5,87200.0,3.9,63,0,1
5643,Marketing,Content Strategist,Bangalore,Male,2025-01-10,0.7,52600.0,3.0,78,0,0
5644,Customer Success,CS Manager,Berlin,Male,2023-07-08,2.2,62300.0,5.0,73,0,0
5645,Engineering,Software Engineer,Bangalore,Female,2025-02-25,0.6,68700.0,3.2,76,0,0
5646,Product,Senior PM,Bangalore,Male,2024-03-18,1.5,69300.0,4.4,78,0,0
5647,Sales,SDR,Bangalore,Female,2017-12-15,7.8,69200.0,3.2,63,0,0
5648,Engineering,Engineering Manager,Remote,Male,2018-09-14,7.1,224700.0,4.6,84,1,0
5649,Product,Product Designer,San Francisco,Male,2022-01-30,3.7,218800.0,3.7,84,0,0
5650,Engineering,Software Engineer,London,Male,2021-05-09,4.4,133300.0,2.8,58,0,0
5651,Customer Success,Support Specialist,Berlin,Female,2019-05-26,6.4,89100.0,2.9,49,0,0
5652,Engineering,Engineering Manager,Toronto,Male,2020-09-28,5.0,176900.0,2.9,70,0,1
5653,Engineering,Engineering Manager,New York,Female,2024-12-07,0.8,241400.0,4.2,76,0,0
5654,Customer Success,Onboarding Lead,Bangalore,Male,2023-05-07,2.4,51300.0,3.4,67,0,0
5655,Engineering,Engineering Manager,New York,Male,2022-07-30,3.2,242800.0,3.4,57,0,0
5656,Marketing,Content Strategist,Bangalore,Male,2023-05-31,2.3,58400.0,5.0,77,0,0
5657,Product,Product Designer,Toronto,Male,2021-06-16,4.3,173300.0,4.4,69,0,0
5658,Finance,Accountant,San Francisco,Female,2025-03-14,0.6,148400.0,5.0,88,0,0
5659,Sales,SDR,Berlin,Male,2024-11-28,0.8,100400.0,3.7,61,0,0
5660,Engineering,Software Engineer,London,Male,2020-09-13,5.1,132300.0,4.2,53,0,1
5661,People,Recruiter,Remote,Female,2022-02-23,3.6,98700.0,3.5,54,1,0
5662,Sales,Sales Manager,Berlin,Male,2024-12-04,0.8,116000.0,3.2,72,0,0
5663,Engineering,Staff Engineer,Remote,Female,2023-05-11,2.4,155900.0,3.4,60,1,1
5664,Engineering,Staff Engineer,Remote,Female,2024-07-11,1.2,166400.0,3.5,73,1,0
5665,Engineering,Engineering Manager,New York,Female,2021-05-30,4.3,264200.0,4.8,78,0,0
5666,Customer Success,Onboarding Lead,New York,Male,2017-02-20,8.6,125500.0,5.0,79,0,1
5667,Engineering,Senior Engineer,Berlin,Female,2017-07-06,8.2,173700.0,4.1,68,0,0
5668,Engineering,Staff Engineer,London,Female,2023-02-12,2.6,172500.0,2.5,71,0,0
5669,Engineering,Engineering Manager,Remote,Male,2020-01-23,5.7,206000.0,4.5,64,1,0
5670,Marketing,Marketing Manager,London,Male,2021-09-21,4.0,94100.0,2.8,83,0,0
5671,Engineering,Engineering Manager,Berlin,Female,2019-08-14,6.1,205400.0,4.0,62,0,0
5672,Sales,Sales Manager,London,Male,2021-02-09,4.6,131100.0,3.5,96,0,0
5673,Engineering,Staff Engineer,San Francisco,Male,2023-09-18,2.0,207400.0,4.4,83,0,0
5674,Customer Success,CS Manager,Bangalore,Female,2024-06-13,1.3,37400.0,2.9,70,0,0
5675,Marketing,Marketing Manager,San Francisco,Female,2023-06-05,2.3,108700.0,2.8,57,0,0
5676,Sales,Account Executive,Toronto,Male,2021-02-19,4.6,89300.0,2.9,73,0,0
5677,Engineering,Engineering Manager,Remote,Female,2020-11-02,4.9,206800.0,2.9,50,1,0
5678,Marketing,Growth Analyst,Bangalore,Male,2020-09-20,5.0,78300.0,3.6,83,0,0
5679,Engineering,Software Engineer,Toronto,Female,2018-07-09,7.2,120400.0,3.1,82,0,0
5680,Engineering,Engineering Manager,San Francisco,Male,2022-07-30,3.2,269400.0,3.9,88,0,0
5681,Product,Product Designer,Bangalore,Male,2022-01-26,3.7,83500.0,4.7,93,0,0
5682,Product,Product Manager,Berlin,Female,2024-06-24,1.3,119000.0,3.1,85,0,1
5683,Engineering,Senior Engineer,San Francisco,Male,2023-07-20,2.2,172000.0,3.9,70,0,1
5684,Customer Success,CS Manager,London,Female,2024-10-21,0.9,79300.0,3.9,70,0,0
5685,Engineering,Senior Engineer,New York,Male,2020-09-28,5.0,176700.0,4.1,73,0,0
5686,Engineering,Senior Engineer,Remote,Male,2023-04-20,2.5,136000.0,2.6,53,1,0
5687,Engineering,Senior Engineer,Toronto,Female,2018-12-14,6.8,160800.0,3.3,56,0,0
5688,Marketing,Growth Analyst,New York,Male,2024-11-30,0.8,143400.0,3.6,85,0,0
5689,Engineering,Staff Engineer,San Francisco,Female,2025-05-11,0.4,191500.0,3.3,67,0,0
5690,Engineering,Staff Engineer,London,Male,2022-08-28,3.1,174500.0,3.0,70,0,1
5691,Customer Success,CS Manager,Berlin,Male,2023-02-13,2.6,64500.0,3.4,61,0,0
5692,Sales,SDR,Remote,Female,2016-08-16,9.1,116700.0,2.3,68,1,0
5693,Product,Senior PM,New York,Male,2023-02-02,2.7,170900.0,2.6,57,0,1
5694,Engineering,Engineering Manager,Remote,Male,2024-01-25,1.7,197200.0,3.3,50,1,0
5695,Engineering,Senior Engineer,London,Male,2017-08-29,8.1,166700.0,3.8,80,0,0
5696,Engineering,Software Engineer,Bangalore,Female,2023-01-24,2.7,73700.0,2.5,51,0,0
5697,Product,Product Manager,Bangalore,Male,2020-12-21,4.8,66400.0,3.7,60,0,0
5698,Finance,Financial Analyst,Remote,Female,2019-12-03,5.8,110400.0,2.9,93,1,0
5699,Finance,Accountant,Berlin,Female,2021-09-25,4.0,126100.0,3.8,88,0,0
5700,Sales,Account Executive,Bangalore,Male,2024-05-25,1.4,51200.0,4.3,88,0,0
5701,Engineering,Engineering Manager,Remote,Female,2021-03-03,4.6,204300.0,3.5,79,1,0
5702,Engineering,Engineering Manager,Remote,Male,2020-09-11,5.1,193800.0,4.2,80,1,1
5703,Engineering,Software Engineer,New York,Male,2024-08-19,1.1,138100.0,3.3,80,0,0
5704,Product,Product Manager,San Francisco,Male,2020-08-04,5.2,160300.0,3.9,73,0,0
5705,Engineering,Staff Engineer,San Francisco,Female,2023-08-14,2.1,214100.0,2.1,54,0,1
5706,Sales,Account Executive,London,Male,2018-11-04,6.9,98200.0,3.5,94,0,0
5707,Marketing,Content Strategist,Bangalore,Female,2024-05-28,1.3,63000.0,3.0,53,0,0
5708,Marketing,Marketing Manager,Berlin,Female,2023-04-13,2.5,94100.0,2.9,61,0,0
5709,Engineering,Software Engineer,Bangalore,Female,2021-01-12,4.7,67500.0,3.2,58,0,0
5710,Sales,SDR,Remote,Female,2021-06-09,4.3,108100.0,4.3,68,1,0
5711,Engineering,Senior Engineer,Berlin,Male,2022-07-02,3.3,130000.0,2.4,72,0,0
5712,People,Recruiter,Remote,Male,2023-01-28,2.7,103300.0,4.2,67,1,1
5713,Product,Product Designer,London,Male,2023-03-09,2.6,182600.0,4.2,78,0,0
5714,Sales,Sales Manager,Toronto,Female,2016-06-11,9.3,138000.0,4.4,77,0,0
5715,Engineering,Staff Engineer,Remote,Female,2020-06-30,5.3,184700.0,3.5,61,1,0
5716,Product,Product Manager,London,Male,2018-02-24,7.6,137100.0,5.0,75,0,0
5717,Engineering,Senior Engineer,San Francisco,Male,2022-03-06,3.6,193000.0,4.3,99,0,0
5718,Engineering,Staff Engineer,San Francisco,Female,2025-07-28,0.2,184200.0,3.9,74,0,1
5719,Marketing,Growth Analyst,London,Female,2024-11-29,0.8,116200.0,3.5,63,0,0
5720,Sales,SDR,New York,Female,2019-04-04,6.5,143400.0,3.9,84,0,0
5721,Engineering,Software Engineer,London,Female,2023-11-27,1.8,140800.0,3.2,88,0,0
5722,Engineering,Engineering Manager,Remote,Male,2018-02-01,7.7,220600.0,4.5,72,1,0
5723,Marketing,Content Strategist,New York,Male,2024-08-02,1.2,116400.0,4.1,83,0,0
5724,Engineering,Senior Engineer,San Francisco,Male,2025-01-08,0.7,182500.0,2.8,78,0,0
5725,Sales,Account Executive,Bangalore,Female,2023-08-18,2.1,53300.0,3.0,73,0,0
5726,Engineering,Software Engineer,New York,Female,2020-04-14,5.5,161100.0,4.0,79,0,0
5727,People,HR Business Partner,Toronto,Female,2021-08-29,4.1,77300.0,3.9,73,0,0
5728,Customer Success,Onboarding Lead,Berlin,Female,2019-12-30,5.8,107000.0,4.7,71,0,0
5729,Sales,Sales Manager,New York,Male,2023-01-27,2.7,139100.0,2.5,43,0,0
5730,Customer Success,CS Manager,Berlin,Male,2020-02-24,5.6,71200.0,4.9,70,0,0
5731,Sales,Account Executive,Toronto,Non-binary,2024-03-31,1.5,87300.0,3.7,68,0,0
5732,Finance,Controller,New York,Male,2023-05-30,2.3,127600.0,5.0,75,0,1
5733,Product,Product Manager,Remote,Female,2016-10-03,9.0,139600.0,3.5,51,1,0
5734,Customer Success,Onboarding Lead,Bangalore,Male,2021-08-03,4.2,57500.0,3.4,77,0,0
5735,Engineering,Staff Engineer,Remote,Female,2024-11-11,0.9,175900.0,4.4,90,1,0
5736,People,People Ops,Toronto,Male,2022-10-31,2.9,114800.0,4.5,79,0,1
5737,Engineering,Engineering Manager,Berlin,Female,2024-07-28,1.2,160600.0,4.6,83,0,0
5738,People,People Ops,Bangalore,Male,2023-03-30,2.5,64800.0,4.0,72,0,0
5739,Sales,Account Executive,Bangalore,Female,2021-11-20,3.9,55000.0,4.1,88,0,0
5740,Sales,SDR,Remote,Female,2020-08-26,5.1,104700.0,4.4,87,1,0
5741,Sales,Account Executive,New York,Male,2020-05-30,5.3,119500.0,3.4,59,0,0
5742,Engineering,Engineering Manager,Bangalore,Male,2019-01-21,6.7,112700.0,3.3,93,0,0
5743,Engineering,Engineering Manager,San Francisco,Female,2024-11-04,0.9,230000.0,1.6,53,0,0
5744,Engineering,Staff Engineer,San Francisco,Female,2024-05-29,1.3,196400.0,3.4,71,0,0
5745,Engineering,Staff Engineer,New York,Female,2019-04-24,6.4,229900.0,3.3,87,0,0
5746,Engineering,Software Engineer,Toronto,Non-binary,2019-08-08,6.2,134000.0,4.3,67,0,0
5747,Customer Success,Support Specialist,Berlin,Male,2019-08-05,6.2,95800.0,3.0,64,0,0
5748,Engineering,Software Engineer,Remote,Female,2024-02-26,1.6,112200.0,5.0,81,1,0
5749,Product,Product Manager,New York,Male,2023-03-31,2.5,145000.0,3.1,67,0,0
5750,Engineering,Senior Engineer,Remote,Female,2018-08-09,7.2,161400.0,3.4,70,1,0
5751,Marketing,Content Strategist,Toronto,Male,2020-10-27,4.9,115600.0,4.8,100,0,1
5752,Engineering,Staff Engineer,New York,Male,2017-07-17,8.2,213700.0,5.0,93,0,0
5753,Engineering,Engineering Manager,Toronto,Male,2020-09-16,5.0,187700.0,3.8,62,0,0
5754,Product,Senior PM,London,Male,2023-02-03,2.7,159400.0,3.3,75,0,1
5755,Customer Success,Support Specialist,New York,Male,2021-04-10,4.5,107200.0,3.2,69,0,0
5756,Customer Success,CS Manager,San Francisco,Male,2025-05-09,0.4,94100.0,4.0,73,0,0
5757,Sales,Sales Manager,Bangalore,Female,2023-10-21,1.9,72400.0,4.1,58,0,0
5758,Engineering,Senior Engineer,Bangalore,Male,2021-05-07,4.4,78100.0,1.8,46,0,0
5759,Engineering,Software Engineer,New York,Female,2023-09-02,2.1,148600.0,3.8,76,0,0
5760,Engineering,Staff Engineer,London,Male,2024-08-08,1.1,175300.0,4.6,72,0,1
5761,Finance,Controller,Remote,Male,2024-06-24,1.3,109100.0,2.4,58,1,0
5762,Engineering,Engineering Manager,New York,Female,2024-08-04,1.2,202800.0,2.8,49,0,0
5763,Customer Success,CS Manager,Toronto,Male,2025-03-14,0.6,68800.0,2.6,80,0,1
5764,Customer Success,Support Specialist,Bangalore,Male,2020-11-07,4.9,52900.0,3.4,58,0,1
5765,Sales,SDR,San Francisco,Male,2018-12-15,6.8,141200.0,5.0,79,0,0
5766,Engineering,Engineering Manager,Remote,Male,2023-06-18,2.3,209100.0,3.4,67,1,0
5767,Engineering,Staff Engineer,Remote,Male,2025-05-07,0.4,153800.0,3.8,59,1,0
5768,Engineering,Staff Engineer,Berlin,Female,2023-03-22,2.5,161600.0,4.5,80,0,0
5769,People,People Ops,New York,Female,2023-05-08,2.4,135700.0,4.4,84,0,1
5770,Product,Product Manager,London,Male,2019-08-31,6.1,134100.0,3.5,72,0,1
5771,People,Recruiter,Bangalore,Male,2021-07-26,4.2,56500.0,4.0,70,0,1
5772,Engineering,Senior Engineer,Remote,Male,2024-03-17,1.5,133500.0,4.4,79,1,1
5773,People,People Ops,San Francisco,Male,2019-09-13,6.1,151000.0,3.4,57,0,0
5774,Customer Success,CS Manager,San Francisco,Female,2024-03-11,1.6,94700.0,3.2,62,0,0
5775,Finance,Controller,San Francisco,Male,2020-05-10,5.4,162500.0,4.0,75,0,0
5776,Product,Product Designer,Remote,Female,2022-04-08,3.5,152900.0,3.9,65,1,0
5777,Marketing,Content Strategist,San Francisco,Female,2017-06-11,8.3,144700.0,3.6,88,0,0
5778,People,HR Business Partner,Remote,Non-binary,2022-02-10,3.6,88900.0,3.5,70,1,0
5779,Engineering,Software Engineer,Toronto,Female,2019-03-15,6.6,125800.0,2.4,72,0,0
5780,Sales,SDR,London,Male,2024-09-19,1.0,114200.0,2.5,56,0,0
5781,People,People Ops,London,Male,2023-03-06,2.6,125100.0,4.2,76,0,0
5782,Product,Product Manager,Remote,Female,2023-09-02,2.1,122500.0,3.7,61,1,0
5783,Engineering,Engineering Manager,Remote,Male,2020-04-15,5.5,198100.0,3.3,76,1,0
5784,Engineering,Senior Engineer,New York,Male,2022-03-20,3.5,196900.0,2.9,73,0,1
5785,Customer Success,Onboarding Lead,New York,Male,2025-03-20,0.5,116500.0,3.4,78,0,0
5786,Marketing,Marketing Manager,Bangalore,Male,2022-02-13,3.6,47600.0,3.4,61,0,0
5787,Engineering,Engineering Manager,Remote,Non-binary,2023-03-22,2.5,181600.0,3.8,75,1,0
5788,Product,Product Manager,San Francisco,Female,2019-07-31,6.2,157100.0,3.7,81,0,0
5789,Marketing,Marketing Manager,London,Male,2023-09-15,2.0,104100.0,3.0,67,0,0
5790,Engineering,Senior Engineer,London,Male,2021-09-29,4.0,158100.0,3.6,59,0,0
5791,Customer Success,CS Manager,Bangalore,Male,2022-10-18,3.0,42200.0,3.6,76,0,0
5792,Engineering,Engineering Manager,Remote,Male,2023-12-27,1.8,188000.0,4.1,91,1,0
5793,Finance,Accountant,Remote,Male,2022-02-20,3.6,137400.0,5.0,70,1,0
5794,Marketing,Marketing Manager,San Francisco,Male,2019-09-29,6.0,119000.0,3.5,66,0,0
5795,Engineering,Senior Engineer,Remote,Male,2024-08-18,1.1,150100.0,4.1,67,1,1
5796,Product,Senior PM,New York,Female,2021-12-04,3.8,170100.0,4.7,78,0,0
5797,Engineering,Senior Engineer,New York,Female,2020-08-03,5.2,184400.0,4.2,77,0,0
5798,People,HR Business Partner,Berlin,Female,2024-09-22,1.0,79500.0,3.7,77,0,0
5799,Marketing,Content Strategist,Berlin,Male,2019-10-06,6.0,113000.0,2.5,55,0,0
5800,Engineering,Senior Engineer,New York,Male,2019-08-14,6.1,173900.0,3.9,79,0,0
5801,Engineering,Software Engineer,Remote,Female,2018-05-14,7.4,146800.0,2.3,47,1,0
5802,Marketing,Content Strategist,Bangalore,Female,2018-09-18,7.0,60300.0,3.6,83,0,0
5803,Product,Senior PM,Remote,Female,2020-04-03,5.5,139000.0,2.8,53,1,0
5804,Finance,Financial Analyst,San Francisco,Male,2019-02-28,6.6,127000.0,2.8,73,0,0
5805,Engineering,Senior Engineer,San Francisco,Female,2020-11-02,4.9,190100.0,3.3,73,0,0
5806,Marketing,Growth Analyst,Remote,Male,2023-03-02,2.6,134200.0,4.4,77,1,0
5807,Marketing,Content Strategist,Berlin,Female,2023-08-26,2.1,104500.0,4.1,72,0,0
5808,Customer Success,CS Manager,Berlin,Female,2017-06-09,8.3,75700.0,4.0,87,0,0
5809,Sales,Account Executive,Remote,Male,2022-02-19,3.6,100500.0,3.9,82,1,0
5810,Engineering,Engineering Manager,Berlin,Male,2020-10-10,5.0,199500.0,3.7,55,0,0
5811,Sales,Sales Manager,Remote,Female,2022-10-15,3.0,129100.0,4.6,67,1,0
5812,Sales,Account Executive,San Francisco,Male,2023-09-11,2.1,108100.0,3.8,76,0,0
5813,Sales,SDR,Toronto,Male,2021-03-06,4.6,107000.0,4.4,73,0,0
5814,Engineering,Staff Engineer,New York,Male,2024-01-14,1.7,197300.0,4.4,81,0,0
5815,Engineering,Staff Engineer,New York,Male,2023-03-02,2.6,189300.0,4.1,67,0,0
5816,Engineering,Software Engineer,Remote,Male,2024-06-20,1.3,128100.0,4.0,92,1,0
5817,Customer Success,Onboarding Lead,London,Female,2020-02-29,5.6,105800.0,4.7,66,0,0
5818,Sales,Sales Manager,Toronto,Female,2021-12-17,3.8,120900.0,3.7,64,0,1
5819,Marketing,Content Strategist,Remote,Female,2023-02-27,2.6,110800.0,3.8,77,1,0
5820,Product,Product Designer,Bangalore,Male,2025-05-20,0.4,80300.0,3.2,79,0,0
5821,Engineering,Software Engineer,San Francisco,Male,2024-04-22,1.4,144400.0,3.4,73,0,0
5822,Engineering,Software Engineer,Remote,Female,2020-08-13,5.1,125000.0,3.5,77,1,0
5823,Engineering,Software Engineer,Toronto,Female,2019-02-18,6.6,141800.0,2.9,77,0,0
5824,Customer Success,Support Specialist,Remote,Female,2016-10-17,9.0,97900.0,2.3,42,1,0
5825,Engineering,Software Engineer,Toronto,Male,2021-09-25,4.0,131200.0,3.3,70,0,0
5826,Marketing,Marketing Manager,London,Male,2024-12-24,0.8,93400.0,2.5,29,0,0
5827,Finance,Controller,Bangalore,Female,2024-10-10,1.0,58200.0,4.2,64,0,0
5828,Engineering,Software Engineer,San Francisco,Female,2022-07-31,3.2,146000.0,3.5,58,0,0
5829,Customer Success,Support Specialist,Bangalore,Female,2019-11-22,5.9,45600.0,1.9,61,0,1
5830,Customer Success,Onboarding Lead,Toronto,Female,2023-03-23,2.5,94500.0,3.5,51,0,0
5831,Sales,SDR,Remote,Female,2016-08-28,9.1,114800.0,3.9,93,1,0
5832,Sales,SDR,New York,Female,2020-10-01,5.0,130700.0,3.2,75,0,0
5833,Product,Product Manager,Remote,Female,2023-12-13,1.8,109600.0,3.5,77,1,0
5834,Customer Success,Support Specialist,New York,Female,2020-10-08,5.0,102100.0,3.3,73,0,0
5835,Engineering,Staff Engineer,New York,Female,2022-06-26,3.3,203800.0,4.7,46,0,0
5836,Product,Product Designer,Bangalore,Male,2022-01-22,3.7,88100.0,4.5,82,0,0
5837,Product,Senior PM,Remote,Female,2022-04-25,3.4,136400.0,4.5,98,1,0
5838,Sales,Sales Manager,Bangalore,Female,2023-12-10,1.8,59700.0,4.5,75,0,0
5839,Product,Product Designer,Bangalore,Male,2017-09-10,8.1,96500.0,4.1,83,0,0
5840,Engineering,Engineering Manager,Bangalore,Male,2022-12-18,2.8,108000.0,3.0,60,0,0
5841,Engineering,Software Engineer,Bangalore,Non-binary,2024-09-23,1.0,67200.0,4.4,71,0,0
5842,Engineering,Software Engineer,Berlin,Male,2023-04-24,2.4,126300.0,3.7,100,0,0
5843,Customer Success,Onboarding Lead,San Francisco,Female,2024-12-13,0.8,119500.0,4.6,72,0,0
5844,Product,Product Designer,Remote,Male,2024-12-18,0.8,167800.0,4.6,66,1,0
5845,Finance,Controller,New York,Female,2021-08-05,4.2,152500.0,2.6,62,0,0
5846,Finance,Accountant,Remote,Female,2023-08-27,2.1,136200.0,3.0,64,1,0
5847,Product,Senior PM,New York,Female,2021-03-27,4.5,177900.0,4.6,69,0,0
5848,Engineering,Senior Engineer,Toronto,Female,2024-02-25,1.6,141600.0,3.1,79,0,0
5849,Engineering,Engineering Manager,London,Male,2022-05-12,3.4,225700.0,3.5,62,0,0
5850,Engineering,Engineering Manager,San Francisco,Female,2022-06-28,3.3,222500.0,4.6,69,0,0
5851,Engineering,Engineering Manager,Remote,Male,2021-09-13,4.1,213700.0,4.3,97,1,0
5852,Engineering,Software Engineer,Berlin,Female,2023-04-06,2.5,109300.0,5.0,63,0,0
5853,Engineering,Software Engineer,London,Female,2022-02-23,3.6,125300.0,3.9,81,0,0
5854,People,HR Business Partner,San Francisco,Male,2020-04-21,5.4,105300.0,4.0,86,0,0
5855,Marketing,Content Strategist,London,Male,2025-01-29,0.7,99000.0,4.6,68,0,0
5856,Engineering,Software Engineer,New York,Male,2022-12-09,2.8,147200.0,2.4,52,0,0
5857,Marketing,Marketing Manager,London,Non-binary,2023-11-02,1.9,87300.0,4.1,81,0,0
5858,Product,Product Designer,Berlin,Male,2023-02-15,2.6,163900.0,3.8,61,0,0
5859,Engineering,Engineering Manager,New York,Female,2018-03-21,7.5,256400.0,3.4,86,0,0
5860,Sales,SDR,San Francisco,Female,2025-02-14,0.6,116700.0,3.9,67,0,0
5861,Customer Success,CS Manager,San Francisco,Female,2020-01-17,5.7,99100.0,3.6,80,0,1
5862,Customer Success,Onboarding Lead,New York,Male,2021-04-15,4.5,134800.0,2.4,51,0,1
5863,Marketing,Growth Analyst,Remote,Female,2020-06-22,5.3,125300.0,4.2,70,1,0
5864,Finance,Financial Analyst,Remote,Male,2020-02-08,5.6,109900.0,4.5,99,1,0
5865,Sales,Account Executive,Bangalore,Male,2021-08-31,4.1,52300.0,3.6,74,0,0
5866,Customer Success,Support Specialist,Toronto,Male,2019-09-03,6.1,88600.0,2.9,48,0,0
5867,Finance,Controller,San Francisco,Male,2020-11-06,4.9,140300.0,3.5,55,0,0
5868,People,Recruiter,Remote,Female,2022-07-15,3.2,94100.0,4.3,67,1,0
5869,Engineering,Engineering Manager,Remote,Female,2019-07-23,6.2,199300.0,3.9,47,1,0
5870,Customer Success,CS Manager,Remote,Male,2024-05-20,1.4,75300.0,3.9,83,1,0
5871,Marketing,Growth Analyst,Toronto,Female,2022-03-18,3.5,119200.0,3.8,59,0,0
5872,Marketing,Marketing Manager,London,Male,2021-08-14,4.1,95900.0,4.2,71,0,0
5873,Sales,SDR,New York,Male,2024-10-04,1.0,130700.0,4.3,100,0,0
5874,Marketing,Content Strategist,Berlin,Female,2023-03-30,2.5,109800.0,3.0,68,0,0
5875,Sales,Account Executive,Remote,Male,2020-12-05,4.8,99200.0,3.8,80,1,0
5876,Sales,SDR,Remote,Male,2025-01-20,0.7,99900.0,2.6,75,1,0
5877,Sales,Sales Manager,San Francisco,Male,2022-04-11,3.5,152300.0,3.8,77,0,0
5878,Customer Success,Onboarding Lead,San Francisco,Male,2023-04-05,2.5,126400.0,3.4,81,0,0
5879,Engineering,Software Engineer,Bangalore,Male,2019-06-09,6.3,81400.0,3.4,71,0,0
5880,Finance,Accountant,London,Male,2025-04-25,0.4,130000.0,4.6,68,0,0
5881,People,People Ops,San Francisco,Female,2024-02-14,1.6,124200.0,3.2,75,0,0
5882,Engineering,Staff Engineer,Berlin,Male,2021-05-21,4.4,181100.0,3.6,81,0,0
5883,Sales,Account Executive,London,Male,2019-09-13,6.1,95600.0,3.3,64,0,0
5884,Finance,Accountant,Bangalore,Male,2020-08-24,5.1,74000.0,3.4,88,0,0
5885,Engineering,Staff Engineer,Bangalore,Male,2025-03-02,0.6,83300.0,4.3,83,0,0
5886,Sales,Sales Manager,Toronto,Female,2023-08-14,2.1,103800.0,3.8,60,0,1
5887,Customer Success,Support Specialist,Berlin,Female,2025-01-22,0.7,83200.0,3.8,71,0,0
5888,Engineering,Staff Engineer,San Francisco,Female,2020-07-11,5.2,229400.0,3.8,72,0,0
5889,Customer Success,Support Specialist,New York,Male,2022-01-01,3.8,100200.0,4.3,86,0,0
5890,Engineering,Staff Engineer,Remote,Male,2023-07-25,2.2,165700.0,4.2,73,1,0
5891,Marketing,Marketing Manager,New York,Female,2021-09-22,4.0,121500.0,2.6,69,0,0
5892,Customer Success,Onboarding Lead,Remote,Female,2018-02-06,7.7,104000.0,4.0,73,1,0
5893,Engineering,Engineering Manager,San Francisco,Female,2021-09-14,4.0,241400.0,2.7,55,0,0
5894,Engineering,Engineering Manager,Bangalore,Female,2022-10-28,2.9,112600.0,4.0,69,0,0
5895,Engineering,Staff Engineer,Remote,Female,2022-05-10,3.4,163600.0,2.6,59,1,0
5896,Engineering,Senior Engineer,San Francisco,Female,2020-08-17,5.1,205900.0,3.3,76,0,0
5897,Marketing,Marketing Manager,San Francisco,Male,2025-04-16,0.5,115500.0,4.5,78,0,0
5898,Marketing,Marketing Manager,Berlin,Female,2023-10-09,2.0,91700.0,2.7,67,0,0
5899,Sales,Account Executive,Toronto,Female,2022-10-25,2.9,84500.0,3.6,78,0,1
5900,Engineering,Staff Engineer,Bangalore,Female,2022-05-29,3.3,103000.0,3.6,90,0,0
5901,People,People Ops,Berlin,Male,2024-10-01,1.0,108600.0,3.1,74,0,0
5902,Customer Success,CS Manager,Toronto,Male,2024-05-04,1.4,60600.0,4.6,83,0,0
5903,Customer Success,Support Specialist,Bangalore,Female,2022-03-15,3.6,46700.0,3.2,84,0,0
5904,Sales,Account Executive,San Francisco,Male,2022-07-09,3.2,111400.0,2.3,51,0,0
5905,Marketing,Marketing Manager,San Francisco,Female,2024-09-27,1.0,115800.0,3.7,61,0,0
5906,Engineering,Senior Engineer,Bangalore,Female,2024-11-27,0.8,71800.0,2.6,50,0,0
5907,People,People Ops,Bangalore,Female,2021-05-31,4.3,68700.0,3.7,69,0,0
5908,Marketing,Content Strategist,London,Female,2025-06-18,0.3,96800.0,2.5,76,0,1
5909,Marketing,Growth Analyst,New York,Male,2017-04-25,8.4,181500.0,2.3,66,0,0
5910,Sales,Account Executive,Berlin,Female,2022-12-24,2.8,83600.0,2.8,70,0,0
5911,Sales,Account Executive,New York,Female,2024-07-11,1.2,107000.0,3.9,73,0,0
5912,Finance,Controller,Bangalore,Male,2023-07-29,2.2,65400.0,3.0,75,0,0
5913,Sales,SDR,New York,Male,2024-06-18,1.3,123800.0,3.6,72,0,1
5914,Engineering,Senior Engineer,Toronto,Female,2025-07-01,0.3,142000.0,3.7,65,0,0
5915,Marketing,Content Strategist,Remote,Male,2022-12-14,2.8,100900.0,4.0,64,1,0
5916,Marketing,Content Strategist,San Francisco,Male,2022-04-11,3.5,125800.0,3.0,83,0,0
5917,Customer Success,CS Manager,Toronto,Male,2024-01-24,1.7,62800.0,3.6,81,0,0
5918,People,People Ops,Toronto,Female,2024-11-06,0.9,90600.0,3.3,61,0,0
5919,Marketing,Marketing Manager,Remote,Female,2019-09-04,6.1,107900.0,3.1,70,1,0
5920,Sales,Account Executive,London,Female,2025-06-03,0.3,84000.0,3.6,75,0,1
5921,Sales,Account Executive,San Francisco,Female,2023-07-31,2.2,109100.0,3.3,65,0,0
5922,Marketing,Marketing Manager,London,Female,2019-05-11,6.4,108100.0,3.4,72,0,0
5923,People,Recruiter,Remote,Female,2021-01-01,4.8,100000.0,2.6,82,1,0
5924,Engineering,Senior Engineer,Remote,Male,2024-09-29,1.0,145400.0,2.8,67,1,1
5925,Customer Success,Onboarding Lead,San Francisco,Male,2022-10-05,3.0,126100.0,4.1,82,0,0
5926,Finance,Accountant,Bangalore,Male,2024-09-21,1.0,72600.0,3.1,64,0,0
5927,Sales,Account Executive,Remote,Male,2024-05-06,1.4,84800.0,5.0,75,1,0
5928,Product,Product Designer,New York,Female,2018-06-01,7.3,220200.0,2.9,69,0,0
5929,Customer Success,Onboarding Lead,Toronto,Male,2025-06-19,0.3,86700.0,5.0,83,0,0
5930,Customer Success,CS Manager,London,Female,2022-07-07,3.2,78300.0,3.5,77,0,0
5931,Sales,SDR,Remote,Male,2019-02-23,6.6,122600.0,4.1,72,1,0
5932,Engineering,Staff Engineer,London,Male,2016-09-02,9.1,200600.0,3.6,59,0,0
5933,Marketing,Growth Analyst,London,Male,2019-12-19,5.8,151700.0,3.9,78,0,0
5934,Customer Success,Onboarding Lead,New York,Male,2020-10-17,5.0,116300.0,5.0,71,0,0
5935,Engineering,Senior Engineer,Remote,Male,2023-08-04,2.2,133900.0,3.9,68,1,0
5936,Product,Product Manager,Remote,Male,2016-02-18,9.6,133000.0,3.5,68,1,0
5937,Engineering,Staff Engineer,Berlin,Female,2019-03-05,6.6,164700.0,3.6,67,0,0
5938,Engineering,Staff Engineer,New York,Male,2023-01-28,2.7,210600.0,2.6,66,0,1
5939,Engineering,Staff Engineer,Toronto,Female,2020-01-20,5.7,158300.0,2.9,40,0,0
5940,Customer Success,Onboarding Lead,New York,Male,2023-04-02,2.5,113200.0,3.2,81,0,0
5941,Engineering,Staff Engineer,Bangalore,Male,2019-06-27,6.3,101200.0,3.8,65,0,1
5942,Engineering,Staff Engineer,San Francisco,Female,2024-09-26,1.0,198500.0,4.2,83,0,0
5943,People,Recruiter,Remote,Female,2018-03-05,7.6,103700.0,3.6,72,1,0
5944,Finance,Accountant,Bangalore,Male,2020-04-18,5.5,77100.0,3.3,65,0,0
5945,Finance,Financial Analyst,Remote,Male,2024-01-23,1.7,100600.0,3.9,69,1,0
5946,Engineering,Software Engineer,Remote,Female,2020-06-03,5.3,141700.0,2.3,56,1,0
5947,Marketing,Growth Analyst,San Francisco,Male,2017-05-18,8.4,173400.0,3.2,72,0,0
5948,Engineering,Senior Engineer,Remote,Male,2023-10-23,1.9,138900.0,3.5,64,1,0
5949,Customer Success,CS Manager,Toronto,Male,2024-10-07,1.0,62300.0,2.5,70,0,0
5950,Engineering,Software Engineer,San Francisco,Male,2022-10-30,2.9,160200.0,4.0,64,0,0
5951,Sales,SDR,New York,Male,2022-09-30,3.0,118500.0,4.5,69,0,1
5952,Finance,Financial Analyst,Toronto,Female,2022-03-23,3.5,90400.0,1.8,53,0,0
5953,Customer Success,Support Specialist,New York,Female,2021-08-14,4.1,116000.0,2.5,49,0,0
5954,Product,Product Manager,Bangalore,Female,2018-06-11,7.3,72900.0,3.5,48,0,0
5955,Engineering,Software Engineer,Toronto,Female,2024-01-09,1.7,113700.0,3.7,72,0,0
5956,Engineering,Engineering Manager,San Francisco,Female,2020-09-11,5.1,261100.0,3.9,61,0,0
5957,Customer Success,Support Specialist,San Francisco,Male,2024-03-09,1.6,108300.0,4.1,86,0,0
5958,Engineering,Staff Engineer,Remote,Female,2019-02-12,6.6,178900.0,2.4,52,1,0
5959,Sales,Account Executive,Toronto,Female,2024-07-01,1.3,89200.0,2.7,63,0,0
5960,Finance,Accountant,Remote,Female,2023-11-17,1.9,127400.0,3.9,82,1,0
5961,Sales,SDR,London,Female,2024-04-16,1.5,97900.0,3.7,75,0,0
5962,Customer Success,Support Specialist,London,Male,2017-12-12,7.8,103000.0,3.8,85,0,0
5963,Customer Success,Support Specialist,New York,Female,2023-05-11,2.4,100300.0,3.9,56,0,0
5964,Product,Senior PM,San Francisco,Male,2025-07-28,0.2,169500.0,3.1,77,0,0
5965,Engineering,Engineering Manager,Toronto,Male,2024-01-25,1.7,174900.0,3.4,55,0,0
5966,Sales,Account Executive,New York,Male,2022-11-26,2.8,118100.0,4.4,83,0,0
5967,Engineering,Software Engineer,Remote,Male,2023-08-09,2.1,133400.0,3.9,65,1,0
5968,Marketing,Marketing Manager,San Francisco,Male,2021-09-07,4.1,126000.0,3.8,57,0,0
5969,Customer Success,CS Manager,Toronto,Male,2021-11-21,3.9,74200.0,3.6,66,0,0
5970,Customer Success,CS Manager,Toronto,Female,2024-08-01,1.2,65400.0,2.7,51,0,0
5971,Engineering,Software Engineer,San Francisco,Female,2020-11-28,4.8,177400.0,4.7,75,0,0
5972,Marketing,Growth Analyst,Remote,Male,2023-04-27,2.4,134400.0,3.3,82,1,0
5973,Sales,Sales Manager,London,Male,2017-09-26,8.0,131000.0,2.2,46,0,0
5974,Engineering,Senior Engineer,London,Female,2022-09-17,3.0,150500.0,3.7,63,0,0
5975,Product,Senior PM,London,Male,2025-04-08,0.5,140800.0,4.4,83,0,0
5976,Product,Product Designer,Bangalore,Male,2022-08-04,3.2,92100.0,3.1,76,0,0
5977,Product,Product Designer,Toronto,Female,2023-12-21,1.8,154000.0,3.3,62,0,0
5978,Customer Success,CS Manager,Remote,Female,2024-09-28,1.0,63600.0,2.9,77,1,0
5979,Engineering,Engineering Manager,San Francisco,Female,2016-09-21,9.0,266800.0,3.8,60,0,0
5980,Product,Product Designer,Remote,Male,2025-06-25,0.3,146100.0,3.7,96,1,0
5981,Sales,SDR,Remote,Male,2025-01-01,0.7,104800.0,4.9,77,1,1
5982,Product,Senior PM,Remote,Male,2023-11-19,1.9,129900.0,3.3,75,1,0
5983,Sales,Sales Manager,London,Male,2023-02-27,2.6,115300.0,3.9,88,0,0
5984,Marketing,Marketing Manager,London,Female,2020-01-28,5.7,105300.0,3.3,60,0,0
5985,Engineering,Staff Engineer,Bangalore,Male,2022-07-30,3.2,96200.0,5.0,72,0,0
5986,Sales,Sales Manager,Toronto,Male,2020-05-20,5.4,113500.0,4.2,65,0,0
5987,Engineering,Senior Engineer,Toronto,Female,2023-04-21,2.4,154000.0,3.7,98,0,0
5988,Customer Success,Support Specialist,Berlin,Male,2021-02-04,4.7,82900.0,3.3,61,0,0
5989,Engineering,Engineering Manager,San Francisco,Female,2025-05-22,0.4,214100.0,2.5,70,0,0
5990,Sales,SDR,London,Female,2022-03-04,3.6,121900.0,4.0,63,0,0
5991,Finance,Controller,New York,Male,2024-01-15,1.7,143900.0,2.5,61,0,1
5992,Product,Product Designer,San Francisco,Non-binary,2024-03-09,1.6,201200.0,2.9,71,0,0
5993,Sales,Sales Manager,Remote,Male,2024-03-13,1.6,123000.0,4.0,58,1,1
5994,Engineering,Staff Engineer,New York,Female,2024-07-27,1.2,214200.0,3.7,70,0,0
5995,People,Recruiter,New York,Male,2017-02-14,8.6,132500.0,4.3,77,0,0
5996,Sales,Account Executive,Toronto,Male,2024-05-22,1.4,86100.0,4.8,81,0,1
5997,Engineering,Senior Engineer,Berlin,Male,2024-01-14,1.7,129000.0,2.9,54,0,1
5998,Customer Success,Onboarding Lead,Bangalore,Female,2024-06-10,1.3,49000.0,2.9,57,0,0
5999,Sales,Account Executive,Remote,Male,2021-10-10,4.0,92600.0,4.1,92,1,0
6000,Engineering,Senior Engineer,Bangalore,Male,2021-11-09,3.9,88700.0,4.5,66,0,0
6001,Engineering,Staff Engineer,San Francisco,Male,2021-07-16,4.2,219100.0,2.3,72,0,0
6002,Engineering,Staff Engineer,San Francisco,Male,2025-03-01,0.6,221500.0,4.1,64,0,0
6003,Engineering,Staff Engineer,New York,Male,2019-06-27,6.3,215900.0,2.4,61,0,0
6004,Sales,Account Executive,Remote,Female,2023-09-04,2.1,88200.0,4.5,76,1,0
6005,Sales,Sales Manager,Remote,Female,2024-08-14,1.1,117300.0,4.1,57,1,0
6006,Sales,Sales Manager,Remote,Male,2023-01-07,2.7,131500.0,3.4,69,1,0
6007,Engineering,Software Engineer,Berlin,Male,2022-03-19,3.5,113100.0,4.6,87,0,0
6008,Engineering,Staff Engineer,San Francisco,Female,2024-07-16,1.2,189800.0,3.7,68,0,0
6009,Customer Success,Support Specialist,London,Female,2022-02-26,3.6,98000.0,3.5,75,0,0
6010,Customer Success,Support Specialist,Remote,Male,2020-08-04,5.2,92300.0,3.8,100,1,0
6011,Finance,Accountant,Remote,Female,2025-05-17,0.4,121700.0,4.0,74,1,0
6012,People,People Ops,Berlin,Female,2022-09-30,3.0,113600.0,3.4,57,0,1
6013,Engineering,Engineering Manager,London,Female,2021-01-29,4.7,209000.0,3.8,54,0,0
6014,Engineering,Staff Engineer,Berlin,Male,2020-02-14,5.6,181800.0,4.0,89,0,1
6015,Marketing,Growth Analyst,Remote,Male,2020-05-22,5.4,131500.0,3.8,85,1,0
6016,Engineering,Software Engineer,New York,Male,2022-12-28,2.8,147600.0,3.8,59,0,0
6017,Marketing,Growth Analyst,Berlin,Female,2021-06-24,4.3,120700.0,5.0,70,0,0
6018,Sales,SDR,London,Male,2024-02-01,1.7,118300.0,3.7,75,0,0
6019,Marketing,Growth Analyst,New York,Male,2024-07-14,1.2,155800.0,3.8,60,0,0
6020,Customer Success,Support Specialist,London,Male,2023-02-20,2.6,94600.0,3.8,81,0,0
6021,People,HR Business Partner,San Francisco,Male,2024-09-15,1.0,88900.0,4.5,70,0,0
6022,Product,Senior PM,San Francisco,Male,2021-07-01,4.3,169000.0,4.2,64,0,1
6023,Engineering,Staff Engineer,Remote,Male,2023-01-28,2.7,169300.0,3.2,72,1,0
6024,Customer Success,Support Specialist,London,Male,2019-01-30,6.7,95100.0,4.3,81,0,0
6025,Engineering,Senior Engineer,San Francisco,Male,2024-05-31,1.3,184000.0,3.7,70,0,1
6026,Engineering,Senior Engineer,San Francisco,Female,2024-06-12,1.3,183500.0,3.2,58,0,0
6027,Sales,Account Executive,New York,Female,2020-05-21,5.4,118200.0,3.6,57,0,0
6028,Engineering,Software Engineer,San Francisco,Male,2023-11-21,1.9,145100.0,3.3,75,0,1
6029,Engineering,Senior Engineer,San Francisco,Female,2023-03-19,2.5,180700.0,3.7,72,0,0
6030,Engineering,Senior Engineer,New York,Male,2021-10-19,4.0,186900.0,4.3,82,0,0
6031,Engineering,Engineering Manager,New York,Female,2024-06-12,1.3,214400.0,5.0,100,0,0
6032,Product,Product Designer,San Francisco,Male,2025-03-29,0.5,205000.0,3.1,64,0,0
6033,Finance,Financial Analyst,London,Female,2022-04-27,3.4,102000.0,3.6,80,0,0
6034,Engineering,Staff Engineer,Bangalore,Female,2024-01-19,1.7,83400.0,3.1,65,0,0
6035,Finance,Controller,New York,Male,2019-08-30,6.1,138900.0,2.9,89,0,0
6036,Marketing,Marketing Manager,Remote,Male,2024-12-20,0.8,95000.0,3.4,54,1,0
6037,Marketing,Growth Analyst,Bangalore,Male,2022-07-23,3.2,68400.0,4.3,79,0,0
6038,Sales,Sales Manager,New York,Female,2019-05-23,6.4,166800.0,4.2,55,0,1
6039,Sales,Sales Manager,Remote,Male,2024-10-01,1.0,119800.0,4.5,65,1,0
6040,Sales,Sales Manager,San Francisco,Female,2021-07-19,4.2,143100.0,2.4,64,0,0
6041,Finance,Controller,San Francisco,Male,2019-11-27,5.8,167800.0,3.3,69,0,0
6042,Marketing,Growth Analyst,San Francisco,Male,2022-09-14,3.0,147700.0,3.4,54,0,0
6043,Engineering,Engineering Manager,San Francisco,Male,2017-12-28,7.8,255400.0,3.2,61,0,0
6044,Customer Success,Support Specialist,London,Male,2024-10-06,1.0,86600.0,2.8,57,0,1
6045,Engineering,Engineering Manager,Bangalore,Female,2018-06-19,7.3,107400.0,2.4,61,0,1
6046,Engineering,Senior Engineer,San Francisco,Female,2020-09-12,5.1,178100.0,3.4,78,0,0
6047,Product,Product Designer,Berlin,Female,2021-04-12,4.5,152600.0,3.5,82,0,0
6048,Product,Product Manager,Remote,Female,2017-08-17,8.1,139600.0,2.5,54,1,1
6049,Product,Product Manager,San Francisco,Male,2024-07-04,1.2,149200.0,3.0,59,0,0
6050,Engineering,Senior Engineer,Remote,Female,2021-04-10,4.5,153400.0,3.1,65,1,0
6051,Marketing,Growth Analyst,Toronto,Male,2018-11-11,6.9,140000.0,3.1,77,0,1
6052,Finance,Controller,Toronto,Male,2021-07-06,4.2,112900.0,2.2,66,0,0
6053,Engineering,Senior Engineer,Bangalore,Non-binary,2019-06-23,6.3,96300.0,5.0,86,0,0
6054,Engineering,Software Engineer,Bangalore,Female,2023-04-04,2.5,67600.0,3.3,70,0,0
6055,Product,Product Designer,Bangalore,Female,2023-01-11,2.7,80900.0,4.2,100,0,1
6056,Sales,Account Executive,San Francisco,Male,2022-05-12,3.4,109500.0,4.5,77,0,0
6057,Engineering,Engineering Manager,New York,Male,2022-01-11,3.7,258500.0,4.0,68,0,0
6058,Marketing,Growth Analyst,San Francisco,Male,2021-01-10,4.7,152200.0,4.8,94,0,0
6059,Engineering,Engineering Manager,Remote,Male,2023-04-23,2.4,182400.0,3.0,53,1,0
6060,People,HR Business Partner,Remote,Male,2021-07-26,4.2,88000.0,3.7,64,1,0
6061,Customer Success,Onboarding Lead,New York,Female,2018-01-29,7.7,137700.0,4.3,80,0,1
6062,Sales,Sales Manager,San Francisco,Female,2022-01-01,3.8,161300.0,3.3,54,0,0
6063,People,Recruiter,Remote,Female,2024-03-14,1.6,94400.0,4.6,100,1,0
6064,Marketing,Marketing Manager,Toronto,Female,2022-06-26,3.3,93600.0,3.5,71,0,0
6065,Engineering,Staff Engineer,Remote,Male,2024-12-17,0.8,168400.0,3.4,47,1,0
6066,Product,Senior PM,Toronto,Male,2024-09-17,1.0,128500.0,3.8,81,0,0
6067,Engineering,Software Engineer,Berlin,Male,2020-07-29,5.2,121400.0,3.0,72,0,0
6068,Engineering,Staff Engineer,San Francisco,Female,2020-09-16,5.0,213100.0,4.2,99,0,0
6069,Engineering,Senior Engineer,Bangalore,Female,2023-03-14,2.6,87000.0,4.1,54,0,0
6070,Engineering,Engineering Manager,San Francisco,Female,2019-04-22,6.4,272600.0,4.2,81,0,0
6071,Engineering,Engineering Manager,New York,Male,2021-02-25,4.6,255800.0,3.7,66,0,0
6072,Engineering,Software Engineer,Berlin,Male,2020-08-15,5.1,136800.0,4.7,78,0,0
6073,Marketing,Marketing Manager,San Francisco,Female,2024-01-10,1.7,113400.0,3.4,69,0,0
6074,Sales,Account Executive,Bangalore,Female,2023-12-12,1.8,44100.0,3.0,52,0,1
6075,Sales,SDR,San Francisco,Male,2024-08-01,1.2,128600.0,3.7,78,0,0
6076,Customer Success,Support Specialist,San Francisco,Female,2021-10-10,4.0,118600.0,3.6,72,0,0
6077,Engineering,Senior Engineer,San Francisco,Male,2023-12-10,1.8,189300.0,2.8,77,0,1
6078,Engineering,Staff Engineer,Remote,Non-binary,2024-07-10,1.2,157300.0,4.0,80,1,0
6079,Customer Success,CS Manager,New York,Female,2023-02-14,2.6,79800.0,2.6,78,0,0
6080,People,People Ops,London,Male,2020-05-23,5.4,111100.0,2.7,58,0,0
6081,Customer Success,CS Manager,Bangalore,Female,2021-06-04,4.3,41700.0,4.0,87,0,0
6082,People,HR Business Partner,Toronto,Female,2021-08-16,4.1,72300.0,3.3,65,0,1
6083,Sales,SDR,Bangalore,Female,2021-11-03,3.9,56600.0,4.9,83,0,0
6084,Engineering,Engineering Manager,Remote,Male,2020-06-13,5.3,223300.0,4.1,75,1,0
6085,Engineering,Staff Engineer,Toronto,Male,2024-10-30,0.9,144300.0,3.3,78,0,0
6086,Sales,Sales Manager,Toronto,Male,2023-12-19,1.8,106900.0,4.2,75,0,0
6087,Customer Success,Onboarding Lead,Remote,Male,2024-12-19,0.8,92500.0,3.4,62,1,0
6088,Product,Product Manager,Toronto,Female,2021-02-02,4.7,114800.0,3.7,61,0,0
6089,Sales,Sales Manager,London,Female,2017-08-10,8.1,143000.0,4.1,64,0,0
6090,Engineering,Staff Engineer,Bangalore,Male,2016-03-06,9.6,105800.0,3.4,78,0,1
6091,Product,Senior PM,New York,Male,2023-07-23,2.2,179600.0,3.4,74,0,0
6092,Engineering,Senior Engineer,London,Male,2025-02-07,0.6,161500.0,3.5,60,0,0
6093,Engineering,Staff Engineer,Remote,Male,2023-09-11,2.1,170900.0,4.1,79,1,0
6094,Customer Success,CS Manager,New York,Female,2016-10-23,8.9,93200.0,3.7,80,0,0
6095,Customer Success,CS Manager,Berlin,Female,2020-03-06,5.6,68900.0,4.0,63,0,0
6096,Sales,Account Executive,Remote,Female,2024-05-21,1.4,85600.0,3.9,65,1,0
6097,Sales,Account Executive,San Francisco,Male,2023-12-09,1.8,101400.0,3.3,71,0,1
6098,Marketing,Growth Analyst,San Francisco,Male,2023-07-09,2.2,156100.0,4.2,87,0,0
6099,Finance,Financial Analyst,Berlin,Male,2025-03-08,0.6,88400.0,3.8,67,0,0
6100,Engineering,Senior Engineer,Remote,Male,2019-04-09,6.5,163100.0,4.2,66,1,0
6101,Engineering,Senior Engineer,London,Male,2019-09-11,6.1,169900.0,2.8,52,0,0
6102,Sales,SDR,Remote,Male,2024-01-05,1.7,106400.0,2.4,48,1,0
6103,People,HR Business Partner,Remote,Female,2022-05-22,3.4,78100.0,2.1,69,1,0
6104,Sales,Sales Manager,Remote,Male,2021-10-15,4.0,126800.0,3.5,62,1,0
6105,Engineering,Staff Engineer,San Francisco,Male,2023-04-17,2.5,197500.0,3.5,63,0,0
6106,Product,Product Designer,San Francisco,Male,2023-04-28,2.4,212600.0,4.4,73,0,0
6107,Engineering,Senior Engineer,Berlin,Non-binary,2020-11-21,4.9,136200.0,3.1,78,0,0
6108,Engineering,Software Engineer,Toronto,Male,2023-09-09,2.1,110500.0,2.8,80,0,0
6109,Product,Senior PM,Remote,Male,2020-05-11,5.4,138000.0,4.9,83,1,0
6110,Engineering,Staff Engineer,New York,Female,2022-12-01,2.8,207600.0,3.9,77,0,1
6111,Product,Senior PM,Berlin,Female,2024-04-03,1.5,122400.0,4.1,72,0,0
6112,Marketing,Marketing Manager,Toronto,Female,2019-12-23,5.8,97200.0,4.4,67,0,0
6113,Sales,SDR,Toronto,Female,2024-02-15,1.6,105900.0,3.8,77,0,0
6114,Engineering,Engineering Manager,Berlin,Female,2018-08-28,7.1,209800.0,4.5,72,0,0
6115,Engineering,Staff Engineer,Bangalore,Male,2019-03-09,6.6,95000.0,4.4,94,0,0
6116,Customer Success,CS Manager,Remote,Male,2024-08-17,1.1,67900.0,4.3,83,1,0
6117,Engineering,Staff Engineer,San Francisco,Female,2021-04-05,4.5,238300.0,4.1,88,0,0
6118,Sales,Sales Manager,San Francisco,Female,2018-08-15,7.1,152700.0,4.3,57,0,0
6119,People,Recruiter,London,Female,2021-12-14,3.8,107900.0,4.1,80,0,0
6120,Product,Senior PM,Bangalore,Female,2024-12-26,0.8,79200.0,3.5,75,0,1
6121,Customer Success,CS Manager,Remote,Female,2022-12-22,2.8,70700.0,3.2,72,1,1
6122,Sales,SDR,Toronto,Male,2023-08-03,2.2,99400.0,3.3,70,0,0
6123,Marketing,Marketing Manager,San Francisco,Female,2019-02-21,6.6,129500.0,3.1,76,0,0
6124,Engineering,Software Engineer,New York,Female,2022-12-23,2.8,138800.0,4.9,71,0,1
6125,Sales,SDR,London,Male,2024-06-20,1.3,100900.0,4.0,63,0,0
6126,Marketing,Growth Analyst,Remote,Male,2023-11-24,1.9,123100.0,3.0,52,1,0
6127,Sales,Sales Manager,London,Male,2022-11-12,2.9,140100.0,2.7,58,0,0
6128,Sales,Sales Manager,New York,Female,2017-02-09,8.6,172200.0,3.3,72,0,0
6129,Engineering,Software Engineer,New York,Male,2021-11-20,3.9,167000.0,3.1,59,0,0
6130,Engineering,Staff Engineer,Remote,Female,2024-06-03,1.3,163100.0,3.3,75,1,0
6131,Customer Success,CS Manager,London,Female,2022-12-25,2.8,72800.0,3.0,62,0,1
6132,Marketing,Content Strategist,Remote,Male,2020-12-29,4.8,103800.0,4.6,71,1,0
6133,Engineering,Senior Engineer,Berlin,Male,2023-11-24,1.9,141200.0,3.1,72,0,0
6134,Engineering,Staff Engineer,London,Male,2023-06-18,2.3,180100.0,4.1,95,0,0
6135,Product,Product Designer,San Francisco,Female,2024-11-10,0.9,181500.0,4.7,72,0,0
6136,Sales,SDR,Remote,Male,2021-10-19,4.0,118000.0,2.9,73,1,0
6137,Engineering,Senior Engineer,Remote,Female,2024-10-20,0.9,131900.0,4.2,81,1,0
6138,Finance,Controller,New York,Male,2023-12-02,1.8,132300.0,3.7,100,0,0
6139,Product,Product Manager,Remote,Male,2022-01-06,3.7,116400.0,2.8,56,1,1
6140,Finance,Accountant,Bangalore,Female,2018-07-17,7.2,89200.0,3.3,44,0,1
6141,Finance,Financial Analyst,Bangalore,Male,2023-05-23,2.4,52600.0,4.0,69,0,0
6142,Finance,Controller,Berlin,Female,2020-09-29,5.0,117500.0,3.9,73,0,0
6143,Engineering,Senior Engineer,Remote,Male,2023-09-25,2.0,151300.0,4.1,77,1,0
6144,Engineering,Software Engineer,Bangalore,Male,2022-03-16,3.5,68100.0,3.7,62,0,0
6145,Marketing,Marketing Manager,London,Male,2022-09-04,3.1,88400.0,3.8,65,0,0
6146,Sales,Account Executive,Remote,Male,2019-01-06,6.7,99900.0,3.6,63,1,0
6147,Sales,Account Executive,London,Female,2018-02-16,7.6,115000.0,3.9,65,0,0
6148,Engineering,Engineering Manager,New York,Female,2020-06-15,5.3,240100.0,3.7,62,0,0
6149,Engineering,Software Engineer,San Francisco,Non-binary,2023-03-08,2.6,149200.0,4.4,74,0,0
6150,Engineering,Software Engineer,Toronto,Female,2022-09-09,3.1,108700.0,4.8,74,0,0
6151,Customer Success,CS Manager,London,Female,2023-05-23,2.4,77800.0,4.1,71,0,1
6152,Engineering,Engineering Manager,San Francisco,Male,2017-03-14,8.6,270400.0,3.7,57,0,1
6153,Customer Success,Support Specialist,Remote,Female,2023-11-27,1.8,78700.0,4.8,96,1,0
6154,Engineering,Staff Engineer,Berlin,Male,2020-02-24,5.6,168300.0,3.3,57,0,0
6155,Sales,Sales Manager,New York,Male,2020-07-03,5.2,149600.0,3.3,70,0,0
6156,Engineering,Senior Engineer,Bangalore,Female,2020-03-06,5.6,87700.0,2.5,64,0,0
6157,Engineering,Software Engineer,New York,Male,2022-08-12,3.1,142100.0,3.6,55,0,0
6158,Marketing,Content Strategist,Toronto,Male,2024-03-02,1.6,95000.0,3.5,76,0,0
6159,Sales,SDR,New York,Female,2024-03-21,1.5,134200.0,4.1,63,0,0
6160,Customer Success,Onboarding Lead,New York,Male,2023-11-13,1.9,106100.0,2.9,68,0,0
6161,Engineering,Senior Engineer,London,Female,2022-04-08,3.5,167500.0,3.6,75,0,0
6162,Product,Product Manager,Berlin,Male,2022-07-11,3.2,120600.0,3.0,81,0,0
6163,Engineering,Engineering Manager,Bangalore,Male,2024-09-25,1.0,105600.0,4.2,69,0,0
6164,Engineering,Staff Engineer,Bangalore,Male,2021-07-12,4.2,102800.0,5.0,76,0,0
6165,Engineering,Engineering Manager,San Francisco,Female,2020-03-11,5.6,254900.0,4.0,88,0,0
6166,Customer Success,Onboarding Lead,Toronto,Female,2023-01-02,2.7,88300.0,4.6,61,0,0
6167,Customer Success,Onboarding Lead,New York,Male,2022-12-31,2.8,109900.0,3.5,76,0,0
6168,Engineering,Staff Engineer,San Francisco,Female,2023-06-05,2.3,224500.0,3.7,74,0,0
6169,Marketing,Content Strategist,Remote,Female,2023-01-17,2.7,106800.0,2.7,74,1,0
6170,Engineering,Engineering Manager,Remote,Male,2024-02-14,1.6,176200.0,3.4,74,1,0
6171,Engineering,Software Engineer,San Francisco,Female,2021-07-30,4.2,164200.0,4.2,70,0,0
6172,Engineering,Software Engineer,Remote,Male,2017-10-06,8.0,128100.0,3.5,73,1,0
6173,People,People Ops,London,Male,2023-06-16,2.3,117600.0,3.7,77,0,0
6174,Engineering,Staff Engineer,San Francisco,Male,2023-05-21,2.4,196800.0,3.0,60,0,0
6175,Engineering,Engineering Manager,San Francisco,Female,2017-11-10,7.9,254400.0,3.4,49,0,0
6176,Engineering,Senior Engineer,Remote,Male,2021-03-10,4.6,170000.0,4.7,61,1,1
6177,Customer Success,Support Specialist,Remote,Female,2021-11-18,3.9,93500.0,4.4,85,1,0
6178,Marketing,Marketing Manager,London,Male,2024-04-08,1.5,84700.0,3.2,67,0,0
6179,Finance,Financial Analyst,Remote,Male,2020-04-21,5.4,114200.0,3.5,73,1,0
6180,Sales,Account Executive,San Francisco,Male,2024-06-29,1.3,109500.0,4.0,90,0,0
6181,People,Recruiter,New York,Male,2024-12-14,0.8,106000.0,4.1,78,0,0
6182,Sales,SDR,San Francisco,Male,2024-04-14,1.5,135900.0,3.0,56,0,0
6183,Engineering,Senior Engineer,Berlin,Female,2024-02-24,1.6,137100.0,2.9,61,0,0
6184,Finance,Accountant,London,Male,2022-03-13,3.6,136000.0,4.0,73,0,0
6185,Customer Success,Onboarding Lead,San Francisco,Female,2024-08-06,1.2,121200.0,2.3,68,0,0
6186,Customer Success,CS Manager,Bangalore,Male,2018-05-11,7.4,40800.0,4.7,89,0,0
6187,Sales,SDR,Bangalore,Male,2022-08-20,3.1,58100.0,3.7,85,0,0
6188,Sales,Sales Manager,London,Female,2025-04-27,0.4,129700.0,3.8,57,0,0
6189,Product,Senior PM,Berlin,Female,2024-03-03,1.6,128000.0,3.6,71,0,0
6190,Engineering,Engineering Manager,London,Non-binary,2024-09-23,1.0,194100.0,3.1,71,0,0
6191,Marketing,Content Strategist,New York,Female,2022-09-19,3.0,125400.0,3.3,71,0,0
6192,People,People Ops,Berlin,Male,2022-10-24,2.9,98400.0,3.1,55,0,0
6193,Finance,Financial Analyst,San Francisco,Male,2024-04-14,1.5,130800.0,3.5,67,0,0
6194,People,Recruiter,London,Male,2019-10-01,6.0,119100.0,3.1,52,0,0
6195,Customer Success,CS Manager,New York,Male,2022-10-21,2.9,84200.0,2.4,54,0,1
6196,Marketing,Marketing Manager,Bangalore,Male,2023-08-27,2.1,52600.0,3.6,81,0,0
6197,Engineering,Engineering Manager,Berlin,Male,2019-08-02,6.2,212800.0,4.8,78,0,0
6198,People,HR Business Partner,New York,Female,2018-03-29,7.5,98500.0,3.1,66,0,0
6199,Customer Success,CS Manager,Bangalore,Male,2019-03-04,6.6,45100.0,3.5,78,0,1
